SortOrder,LocID,Notes,ISO3_code,ISO2_code,SDMX_code,LocTypeID,LocTypeName,ParentID,Location,VarID,Variant,Time,TPopulation1Jan,TPopulation1July,TPopulationMale1July,TPopulationFemale1July,PopDensity,PopSexRatio,MedianAgePop,NatChange,NatChangeRT,PopChange,PopGrowthRate,DoublingTime,Births,Births1519,CBR,TFR,NRR,MAC,SRB,Deaths,DeathsMale,DeathsFemale,CDR,LEx,LExMale,LExFemale,LE15,LE15Male,LE15Female,LE65,LE65Male,LE65Female,LE80,LE80Male,LE80Female,InfantDeaths,IMR,LBsurvivingAge1,Under5Deaths,Q5,Q0040,Q0040Male,Q0040Female,Q0060,Q0060Male,Q0060Female,Q1550,Q1550Male,Q1550Female,Q1560,Q1560Male,Q1560Female,NetMigrations,CNMR
1,900,,,,1,1,World,0,World,2,Medium,1950,2477674.732,2499322.157,1245362.964,1253959.192,19.1661,99.3145,22.2243,43294.722,17.319,43294.85,1.732,40.02,92083.258,10629.041,36.837,4.8596,1.6382,28.945,105.4,48788.536,25784.509,23004.027,19.518,46.4643,44.5946,48.4411,47.0395,44.831,49.3734,11.2965,10.4672,12.039,5.0199,4.7308,5.2236,13109.145,143.3869,82837.349,19780.141,224.0098,371.9932,388.9779,354.7482,540.3848,580.7496,498.0396,240.3164,271.6253,208.1916,378.6968,430.2594,324.9308,0,0
1,900,,,,1,1,World,0,World,2,Medium,1951,2520969.582,2543130.38,1267473.182,1275657.198,19.502,99.3584,22.1716,44322.348,17.427,44321.597,1.743,39.7675,92836.9,10741.899,36.502,4.8269,1.643,28.91,105.4,48514.552,25505.184,23009.368,19.075,47.144,45.4026,48.9655,47.5028,45.471,49.6263,11.3369,10.5123,12.0705,5.0145,4.7347,5.2121,13086.528,141.309,83648.709,19825.046,219.1188,361.8185,375.8295,347.6746,529.1551,566.7283,490.1993,231.1772,258.0905,203.7797,368.3186,415.8362,319.3364,0,0
1,900,,,,1,1,World,0,World,2,Medium,1952,2565291.179,2590270.898,1291399.982,1298870.917,19.8635,99.4248,22.1083,49960.072,19.283,49959.439,1.929,35.933,97606.684,11231.717,37.672,5.0142,1.73,28.98,105.4,47646.612,24935.224,22711.388,18.389,48.2311,46.6241,49.8908,48.2552,46.4167,50.1512,11.5593,10.7121,12.3094,5.1412,4.8431,5.3525,13215.704,137.2952,88207.529,19875.696,212.1977,347.2697,357.673,336.8354,512.1586,546.3173,477.2639,218.6745,240.0344,197.1422,353.0546,395.5327,309.9103,0,0
1,900,,,,1,1,World,0,World,2,Medium,1953,2615250.618,2640278.797,1316659.222,1323619.574,20.247,99.4741,22.0364,50056.756,18.959,50056.357,1.896,36.5584,97555.839,11200.749,36.948,4.9366,1.717,28.928,105.4,47499.083,24806.138,22692.945,17.989,48.8024,47.2399,50.4067,48.6073,46.817,50.4431,11.6337,10.7784,12.3878,5.149,4.8486,5.3625,13117.346,134.4685,88348.382,19780.603,206.944,339.9678,349.2448,330.6815,502.9323,535.8289,469.5325,212.872,232.6019,193.0492,345.0826,385.8433,303.9053,0,0
1,900,,,,1,1,World,0,World,2,Medium,1954,2665306.975,2691979.339,1342923.171,1349056.168,20.6435,99.5454,21.9524,53345.249,19.812,53344.728,1.982,34.9721,100348.054,11471.273,37.269,5.0098,1.7626,28.943,105.4,47002.805,24539.831,22462.974,17.457,49.5919,48.0295,51.1894,49.0909,47.3293,50.8869,11.8152,10.9386,12.5849,5.2582,4.9476,5.4785,13122.414,131.7228,91065.389,19781.855,202.1803,330.1323,338.8165,321.4258,490.9939,523.1236,458.4842,205.7622,224.0498,187.4439,335.442,374.6576,295.9944,0,0
1,900,,,,1,1,World,0,World,2,Medium,1955,2718651.703,2746072.141,1370392.335,1375679.806,21.0583,99.6156,21.8448,54841.257,19.968,54840.876,1.997,34.7094,101807.356,11564.618,37.069,5.0115,1.7792,28.927,105.4,46966.099,24565.631,22400.468,17.101,50.1229,48.512,51.7731,49.3275,47.5209,51.1717,11.8815,10.962,12.6899,5.2884,4.96,5.522,13056.748,128.763,92595.163,19665.905,197.2761,323.1231,331.8976,314.2908,483.3478,516.0075,450.2701,201.9785,220.302,183.6225,330.37,369.9084,290.578,0,0
1,900,,,,1,1,World,0,World,2,Medium,1956,2773492.579,2801002.631,1398204.9,1402797.731,21.4795,99.6726,21.7422,55020.618,19.643,55020.104,1.964,35.2926,101827.191,11523.879,36.353,4.9393,1.7692,28.872,105.4,46806.573,24496.325,22310.248,16.71,50.6425,49.006,52.3187,49.5579,47.7279,51.4251,11.924,10.9772,12.7559,5.2787,4.9329,5.5255,12819.31,125.8388,92815.995,19374.102,192.4278,316.0888,324.8367,307.2624,475.641,508.4706,442.3947,197.9952,216.1681,179.7896,325.1602,364.6526,285.4192,0,0
1,900,,,,1,1,World,0,World,2,Medium,1957,2828512.683,2857866.857,1426956.255,1430910.602,21.9156,99.7236,21.6342,58708.839,20.537,58708.347,2.054,33.7462,105977.909,11871.441,37.073,5.0764,1.8274,28.912,105.4,47269.07,24758.646,22510.424,16.536,50.9448,49.2833,52.6474,49.6617,47.8078,51.5535,11.955,10.9769,12.8135,5.3377,4.9827,5.59,12970.293,123.7332,96756.356,19500.892,189.081,311.6982,320.4359,302.8614,471.6946,504.7744,438.1884,196.1071,214.1976,177.9881,323.1345,362.7584,283.2638,0,0
1,900,,,,1,1,World,0,World,2,Medium,1958,2887221.03,2916108.097,1456539.031,1459569.066,22.3622,99.7924,21.5319,57774.656,19.814,57774.134,1.981,34.9898,104557.392,11690.449,35.858,4.935,1.7915,28.816,105.3,46782.736,24528.202,22254.534,16.044,51.537,49.831,53.2832,50.0269,48.1331,51.956,12.1583,11.1449,13.0449,5.4543,5.0748,5.7229,12724.918,121.0959,95647.443,19171.649,184.5322,305.1622,314.1759,296.0245,463.4209,496.6579,429.7521,192.0574,210.2791,173.7882,316.7847,356.2815,277.048,0,0
1,900,,,,1,1,World,0,World,2,Medium,1959,2944995.164,2970292.188,1483988.508,1486303.68,22.7777,99.8442,21.4783,50594.592,17.036,50594.048,1.703,40.7015,101921.643,11514.159,34.32,4.7407,1.6619,28.68,105.3,51327.051,26899.305,24427.746,17.284,49.3453,47.6606,51.0815,49.1574,47.196,51.1749,11.8832,10.8764,12.7645,5.4038,5.033,5.666,13359.566,129.5833,92626.745,21160.301,203.9148,332.8527,342.741,322.8141,494.7276,528.8914,459.9117,205.0013,226.1025,183.6972,335.7761,378.1467,292.8177,0,0
1,900,,,,1,1,World,0,World,2,Medium,1960,2995589.212,3019233.434,1508544.522,1510688.911,23.153,99.8581,21.4613,47288.762,15.663,47288.444,1.566,44.2623,102262.439,11584.565,33.871,4.6955,1.5999,28.63,105.3,54973.677,28803.966,26169.711,18.208,47.6972,46.0358,49.4175,48.473,46.4594,50.5581,11.6957,10.674,12.5902,5.3701,4.9832,5.6425,13837.096,135.0843,92537.982,22514.7,217.3965,354.3477,364.6348,343.8954,518.6526,553.1928,483.2954,216.044,239.1971,192.5666,351.1638,395.4832,305.9639,0,0
1,900,,,,1,1,World,0,World,2,Medium,1961,3042877.656,3068370.609,1533166.886,1535203.724,23.5298,99.8673,21.4485,50986.67,16.617,50985.907,1.662,41.7056,100989.852,11608.613,32.914,4.5735,1.6301,28.522,105.3,50003.182,26232.774,23770.408,16.297,50.3587,48.6136,52.1529,49.6133,47.6043,51.6723,12.1297,11.0633,13.0558,5.5329,5.1254,5.8164,12575.446,124.2402,92153.476,19708.237,193.9914,320.8976,330.9077,310.6839,481.4408,515.7835,446.4715,199.9314,220.8395,178.7887,327.6718,369.6215,285.1946,0,0
1,900,,,,1,1,World,0,World,2,Medium,1962,3093863.563,3126686.743,1562522.051,1564164.691,23.977,99.895,21.3712,65646.912,20.982,65646.359,2.1,33.007,112053.316,12404.759,35.814,5.0301,1.8716,28.732,105.4,46406.404,24371.885,22034.519,14.832,53.1245,51.3166,54.9706,50.7332,48.7559,52.7388,12.405,11.2863,13.3745,5.5362,5.1052,5.8346,12249.068,112.864,103144.492,18038.979,170.7715,285.1344,294.2821,275.7689,441.2875,474.9778,407.2386,182.3875,200.2301,164.426,303.0781,342.2051,263.8437,0,0
1,900,,,,1,1,World,0,World,2,Medium,1963,3159509.922,3195779.247,1597443.477,1598335.771,24.5069,99.9442,21.2035,72539.147,22.689,72538.65,2.27,30.5351,119818.714,13149.185,37.477,5.3169,1.9902,28.818,105.4,47279.567,24835.053,22444.514,14.788,53.5761,51.7468,55.4417,50.9264,48.9328,52.9452,12.4918,11.3483,13.48,5.5837,5.1348,5.8915,12941.917,110.14,110523.86,18710.78,166.5515,279.778,288.9172,270.3922,435.2474,468.8185,401.3467,180.1072,197.7473,162.3178,299.5732,338.3261,260.7527,0,0
1,900,,,,1,1,World,0,World,2,Medium,1964,3232048.572,3267212.338,1633558.673,1633653.665,25.0547,99.9942,21.0077,70327.866,21.528,70327.532,2.153,32.1945,117393.293,13123.838,35.936,5.1332,1.9364,28.767,105.4,47065.427,24735.934,22329.493,14.408,54.1638,52.3,56.0605,51.2735,49.2505,53.3167,12.6978,11.5211,13.7103,5.7439,5.2741,6.0622,12785.379,108.1824,108448.832,18660.306,162.5244,273.5427,282.6937,264.1192,427.27,460.6705,393.5714,176.3705,193.8564,158.6983,293.9081,332.1893,255.5984,0,0
1,900,,,,1,1,World,0,World,2,Medium,1965,3302376.104,3337111.983,1668776.95,1668335.033,25.5907,100.0265,20.8147,69472.38,20.818,69471.758,2.082,33.2924,117932.234,13390.305,35.34,5.0805,1.9125,28.789,105.4,48459.854,25554.451,22905.403,14.522,53.8924,51.9233,55.9142,51.0601,48.901,53.2624,12.6317,11.4306,13.6662,5.6943,5.2085,6.022,12762.971,108.3558,108934.385,18995.893,163.3869,277.1905,288.3163,265.6469,431.6846,467.3163,395.4428,179.7236,200.1031,158.9261,297.9473,339.0866,256.4242,0,0
1,900,,,,1,1,World,0,World,2,Medium,1966,3371847.862,3406417.036,1703570.404,1702846.631,26.1222,100.0425,20.6328,69138.789,20.298,69138.347,2.03,34.1452,117182.361,13670.762,34.403,4.9634,1.8802,28.777,105.4,48043.572,25248.589,22794.983,14.105,54.472,52.5668,56.4108,51.4623,49.393,53.5518,12.7544,11.5435,13.7916,5.7645,5.2732,6.0916,12525.51,106.7789,108373.967,18704.558,160.1309,270.0217,279.546,260.1652,422.5947,456.3193,388.5367,173.2581,191.2298,155.0071,290.2158,328.7739,251.5947,0,0
1,900,,,,1,1,World,0,World,2,Medium,1967,3440986.209,3475448.166,1738207.396,1737240.77,26.6515,100.0556,20.4915,68924.287,19.832,68923.913,1.983,34.9545,116839.776,13782.437,33.619,4.8557,1.8519,28.736,105.4,47915.489,25186.786,22728.703,13.787,54.9203,52.9827,56.8914,51.7272,49.6257,53.8483,12.8207,11.5919,13.8714,5.803,5.3011,6.1345,12296.808,104.9885,108201.758,18420.777,157.2566,264.165,273.9018,254.0766,415.7323,449.8114,381.2993,168.4784,186.8011,149.8448,284.9929,323.8227,246.0773,0,0
1,900,,,,1,1,World,0,World,2,Medium,1968,3509910.122,3546810.808,1774117.118,1772693.69,27.1988,100.0803,20.4009,73802.05,20.803,73801.371,2.081,33.3084,121750.025,14476.043,34.318,4.9627,1.9092,28.78,105.4,47947.975,25198.51,22749.465,13.515,55.486,53.527,57.478,51.95,49.8355,54.0828,12.8125,11.574,13.8707,5.7555,5.2492,6.0871,12256.972,101.9381,113011.12,18140.868,152.3137,256.167,265.9769,245.9933,407.022,441.2608,372.4191,163.5213,181.8507,144.8563,279.587,318.3405,240.7406,0,0
1,900,,,,1,1,World,0,World,2,Medium,1969,3583711.493,3620655.275,1811408.83,1809246.445,27.765,100.1195,20.3435,73887.969,20.407,73887.564,2.041,33.9612,122122.848,14867.284,33.729,4.8674,1.8819,28.752,105.5,48234.879,25347.52,22887.359,13.322,55.8286,53.857,57.8324,52.1167,49.9887,54.2625,12.8351,11.5776,13.9095,5.8157,5.2978,6.152,12235.864,100.1852,113505.346,18037.184,149.5428,251.3857,261.0976,241.3169,401.8532,436.0725,367.2574,160.1148,178.3807,141.4842,276.0924,314.7362,237.3296,0,0
1,900,,,,1,1,World,0,World,2,Medium,1970,3657599.057,3695390.336,1849178.862,1846211.474,28.3382,100.1607,20.3198,75583.057,20.451,75582.558,2.045,33.8947,124117.185,15283.482,33.583,4.8279,1.8707,28.714,105.5,48534.128,25451.362,23082.766,13.132,56.112,54.1721,58.074,52.3253,50.2296,54.4282,12.9559,11.6994,14.0242,5.8876,5.3653,6.2233,12176.5,98.547,115495.83,17995.755,147.3605,248.8234,258.0586,239.2636,398.0302,431.2378,364.5009,157.7681,175.2499,139.9178,272.8743,310.3264,235.3382,0,0
1,900,,,,1,1,World,0,World,2,Medium,1971,3733181.615,3770163.092,1886958.546,1883204.546,28.9116,100.1993,20.3321,73963.464,19.619,73962.954,1.962,35.3286,123647.417,15668.857,32.797,4.6817,1.8172,28.629,105.5,49683.953,26355.96,23327.993,13.178,55.8924,53.6397,58.2223,52.008,49.5289,54.56,12.9913,11.6997,14.0922,5.9182,5.3701,6.2695,12101.104,97.7085,115101.952,18022.37,146.7007,253.3703,268.4061,237.6559,403.7723,443.6253,362.6304,165.1127,190.8788,138.2943,280.3752,325.9203,233.6117,0,0
1,900,,,,1,1,World,0,World,2,Medium,1972,3807144.569,3844800.885,1924815.839,1919985.046,29.4839,100.2516,20.379,75313.23,19.589,75312.632,1.959,35.3827,123275.037,15789.657,32.064,4.5468,1.7839,28.593,105.5,47961.807,25156.942,22804.865,12.475,57.1231,55.1342,59.1274,52.9092,50.767,55.0539,13.2038,11.9162,14.2929,6.0087,5.4534,6.3611,11721.442,95.0199,114965.636,17299.091,140.7628,237.462,246.9336,227.692,383.4593,416.658,349.8716,150.4805,168.1504,132.3237,262.5014,299.6471,225.1406,0,0
1,900,,,,1,1,World,0,World,2,Medium,1973,3882457.201,3920251.504,1963205.826,1957045.678,30.0625,100.3148,20.4569,75589.116,19.282,75588.605,1.928,35.9516,123269.476,15983.09,31.445,4.4206,1.7443,28.512,105.5,47680.36,25003.265,22677.095,12.163,57.6327,55.6334,59.6437,53.2323,51.0839,55.3798,13.3222,12.0181,14.4239,6.029,5.4589,6.3893,11511.979,93.3596,115082.372,16954.591,137.7648,231.8708,241.2224,222.234,375.675,408.46,342.4744,146.4389,163.7331,128.5972,256.4431,292.955,219.6671,0,0
1,900,,,,1,1,World,0,World,2,Medium,1974,3958045.806,3995517.077,2001478.755,1994038.322,30.6397,100.3731,20.5616,74943.073,18.757,74942.542,1.876,36.9481,122436.994,16126.424,30.645,4.2648,1.69,28.415,105.5,47493.921,24934.754,22559.167,11.888,58.0422,56.0099,60.0876,53.5069,51.327,55.6866,13.4681,12.1321,14.5964,6.1168,5.5222,6.4904,11289.039,91.99,114408.98,16629.735,135.4872,227.7775,237.1494,218.1101,369.9084,402.7389,336.5725,143.5758,160.7703,125.7616,251.9857,288.4135,215.1977,0,0
1,900,,,,1,1,World,0,World,2,Medium,1975,4032988.348,4069437.23,2038952.421,2030484.81,31.2065,100.417,20.6916,72898.243,17.916,72897.765,1.791,38.7017,120491.005,16016.213,29.613,4.0835,1.6239,28.373,105.6,47592.762,25075.383,22517.379,11.697,58.2754,56.1496,60.4292,53.6035,51.3294,55.8917,13.5515,12.1907,14.7014,6.165,5.5433,6.5544,10978.248,90.7337,112689.885,16219.939,133.471,225.7344,236.4289,214.6479,366.9819,401.2292,331.9361,143.2755,162.0226,123.7215,250.537,288.4114,212.0019,0,0
1,900,,,,1,1,World,0,World,2,Medium,1976,4105886.113,4142505.882,2075816.86,2066689.022,31.7669,100.4417,20.8402,73240.167,17.681,73239.539,1.768,39.2052,120647.815,16056.132,29.125,3.9774,1.5887,28.306,105.6,47407.648,24939.127,22468.521,11.444,58.7107,56.613,60.8286,53.8372,51.6225,56.0541,13.6524,12.2784,14.812,6.1977,5.5652,6.5917,10698.926,88.7216,112999.395,15734.227,130.0696,220.9907,230.7647,210.8632,360.594,393.7356,326.7326,140.5474,157.6259,122.7343,246.1061,282.3038,209.3762,0,0
1,900,,,,1,1,World,0,World,2,Medium,1977,4179125.652,4215772.49,2112756.766,2103015.723,32.3287,100.4632,21.0074,73294.319,17.387,73293.675,1.739,39.859,120040.242,15763.595,28.476,3.8523,1.5503,28.25,105.6,46745.923,24652.766,22093.157,11.089,59.3652,57.2021,61.5533,54.2716,51.9906,56.5592,13.8188,12.4053,15.0119,6.3179,5.6475,6.7344,10444.78,86.8775,112581.51,15291.863,126.9512,213.3069,223.2295,203.0174,350.5858,384.5993,315.7579,134.641,152.1242,116.3762,238.2265,275.2587,200.567,0,0
1,900,,,,1,1,World,0,World,2,Medium,1978,4252419.327,4289657.708,2149991.443,2139666.265,32.8953,100.4826,21.1768,74477.154,17.361,74476.762,1.736,39.9278,121337.099,15833.293,28.284,3.7904,1.5337,28.187,105.6,46859.945,24773.353,22086.592,10.923,59.7402,57.5095,62.0072,54.4378,52.0825,56.8122,13.8617,12.427,15.0744,6.3265,5.637,6.7551,10279.201,84.9489,113957.669,14988.035,124.0922,208.6234,219.2057,197.6278,344.7683,380.0579,308.4797,132.1136,150.6598,112.6996,234.5325,272.9488,195.2888,0,0
1,900,,,,1,1,World,0,World,2,Medium,1979,4326896.089,4365582.871,2188175.858,2177407.014,33.4775,100.4946,21.3447,77374.062,17.72,77373.564,1.772,39.1167,124287.659,16330.754,28.465,3.7763,1.5371,28.091,105.7,46913.597,24834.335,22079.262,10.745,60.2037,57.9292,62.5196,54.6686,52.2692,57.0923,13.9506,12.4988,15.1769,6.3848,5.6733,6.8267,10204.809,82.5911,116926.612,14771.373,120.6718,203.1916,214.0134,191.9369,338.1243,374.1073,301.004,129.0824,148.1012,109.1647,230.3073,269.3879,190.2491,0,0
1,900,,,,1,1,World,0,World,2,Medium,1980,4404269.653,4444007.706,2227803.134,2216204.572,34.0789,100.5234,21.5047,79476.609,17.881,79476.105,1.788,38.7666,126793.222,16689.962,28.527,3.7498,1.5341,28.021,105.7,47316.613,25072.784,22243.829,10.646,60.5524,58.2378,62.9165,54.7895,52.3542,57.2575,13.9399,12.4822,15.1728,6.3512,5.6288,6.7995,10147.477,80.4443,119466.337,14615.233,117.4565,198.4395,209.6452,186.7766,332.6906,369.4804,294.6004,126.7123,146.3028,106.1936,227.2273,267.0616,186.2444,0,0
1,900,,,,1,1,World,0,World,2,Medium,1981,4483745.758,4524627.658,2268641.818,2255985.841,34.6972,100.561,21.6421,81764.355,18.069,81763.801,1.807,38.359,129152.54,17275.997,28.541,3.7157,1.528,27.92,105.8,47388.185,25151.86,22236.325,10.472,60.9915,58.6288,63.4085,55.0118,52.5245,57.5376,14.0385,12.5652,15.284,6.4104,5.6649,6.8713,10069.184,78.3366,121868.397,14453.015,114.1729,193.8368,205.5206,181.6652,326.6306,363.9958,287.8052,124.2552,144.5124,103.0273,223.4713,263.8746,181.7336,0,0
1,900,,,,1,1,World,0,World,2,Medium,1982,4565509.559,4607984.87,2310661.658,2297323.212,35.3364,100.5806,21.7415,84951.1,18.432,84950.623,1.844,37.5893,132513.06,17929.258,28.752,3.7129,1.5343,27.847,105.8,47561.96,25273.064,22288.896,10.32,61.4165,59.0185,63.8718,55.222,52.7013,57.7842,14.1268,12.64,15.3839,6.4871,5.7153,6.9634,10026.248,76.1077,125232.474,14354.534,110.8935,189.3136,201.297,176.8225,320.7991,358.3987,281.5989,121.876,142.4448,100.317,219.9336,260.4696,177.9067,0,0
1,900,,,,1,1,World,0,World,2,Medium,1983,4650460.182,4691884.238,2352811.898,2339072.34,35.9798,100.5874,21.8263,82848.746,17.66,82848.112,1.766,39.2496,130982.626,18048.395,27.92,3.5778,1.4806,27.813,105.8,48133.88,25568.084,22565.796,10.26,61.5651,59.1578,64.0328,55.3304,52.7995,57.9066,14.1253,12.635,15.3879,6.4649,5.6838,6.9469,9931.527,75.7067,123830.493,14312.747,110.1133,187.5185,199.5439,174.9911,318.1606,355.7804,278.8217,120.0251,140.6731,98.3957,217.6141,258.1572,175.4412,0,0
1,900,,,,1,1,World,0,World,2,Medium,1984,4733308.294,4775836.074,2394948.669,2380887.405,36.6236,100.5906,21.9156,85055.745,17.807,85055.56,1.781,38.919,133397.031,18231.84,27.928,3.5516,1.4745,27.761,105.9,48341.286,25685.341,22655.945,10.121,61.907,59.4843,64.3898,55.5134,52.966,58.106,14.2181,12.7211,15.4845,6.5353,5.7343,7.0285,9850.247,74.1476,126248.886,14188.299,107.7035,184.0863,196.218,171.4509,313.7197,351.2887,274.3197,118.2489,139.0224,96.5003,214.9132,255.3488,172.7162,0,0
1,900,,,,1,1,World,0,World,2,Medium,1985,4818363.854,4861730.613,2438068.618,2423661.995,37.2823,100.5944,22.0403,86734.08,17.838,86733.518,1.784,38.8535,135419.518,18351.334,27.851,3.5151,1.4641,27.699,106,48685.438,25816.261,22869.177,10.013,62.2356,59.837,64.6888,55.67,53.1508,58.229,14.2486,12.7578,15.5091,6.5218,5.7199,7.0146,9771.398,72.3924,128316.076,14049.802,105.1758,180.3407,192.1858,168.015,308.7101,345.4965,270.0873,116.048,136.3029,94.8614,211.6903,251.1871,170.4124,0,0
1,900,,,,1,1,World,0,World,2,Medium,1986,4905097.372,4950063.34,2482642.236,2467421.104,37.9596,100.6169,22.2237,89932.51,18.164,89931.935,1.817,38.1479,138419.612,18484.625,27.958,3.505,1.4658,27.644,106.1,48487.102,25706.956,22780.146,9.794,62.7665,60.3668,65.2136,55.9863,53.4682,58.5367,14.4166,12.9051,15.6925,6.6312,5.8045,7.1381,9693.544,70.3692,131338.816,13871.495,102.0207,175.4518,187.0363,163.4056,301.4417,337.4032,263.6751,113.0912,132.7777,92.5215,206.7354,245.2203,166.4942,0,0
1,900,,,,1,1,World,0,World,2,Medium,1987,4995029.307,5040984.495,2528768.146,2512216.35,38.6569,100.6589,22.4167,91910.865,18.23,91910.376,1.823,38.0223,140544.952,18135.443,27.877,3.4802,1.4604,27.649,106.3,48634.087,25821.491,22812.596,9.647,63.1585,60.7284,65.639,56.1492,53.6074,58.7256,14.5331,13.0012,15.8262,6.7095,5.8597,7.2305,9568.234,68.2851,133547.073,13649.801,98.8029,171.7291,183.4906,159.4875,296.8672,332.9069,258.9582,112.0035,131.7662,91.3517,204.7726,243.1809,164.551,0,0
1,900,,,,1,1,World,0,World,2,Medium,1988,5086939.683,5132293.974,2575089.263,2557204.711,39.3571,100.6994,22.6043,90709.2,17.675,90708.581,1.767,39.2273,139993.375,18418.941,27.278,3.3906,1.4236,27.604,106.4,49284.175,26188.368,23095.807,9.603,63.2806,60.8283,65.7903,56.2324,53.6656,58.8412,14.5795,13.0411,15.8794,6.7199,5.8602,7.2475,9496.449,67.7923,133070.29,13636.863,98.1906,170.7902,182.8127,158.268,295.1649,331.5366,256.855,111.2471,131.4032,90.1731,203.4759,242.2481,162.8166,0,0
1,900,,,,1,1,World,0,World,2,Medium,1989,5177648.264,5223704.308,2621545.962,2602158.345,40.0581,100.7451,22.7831,92112.488,17.632,92112.088,1.763,39.3163,141176.68,18650.568,27.024,3.3456,1.4113,27.539,106.6,49064.192,26053.801,23010.391,9.392,63.7919,61.3527,66.2839,56.486,53.947,59.0611,14.6907,13.1434,15.9972,6.7799,5.9069,7.3151,9281.576,65.8879,134372.581,13254.08,94.7167,165.1557,176.4994,153.3441,288.295,324.0051,250.7382,108.2932,127.4665,88.2751,199.4749,237.3048,159.8738,0,0
1,900,,,,1,1,World,0,World,2,Medium,1990,5269760.352,5316175.862,2668605.102,2647570.76,40.7672,100.7945,22.9596,92831.317,17.461,92831.02,1.746,39.6992,142451.012,18640.733,26.794,3.3078,1.3974,27.475,106.8,49619.695,26364.694,23255.001,9.333,63.9879,61.533,66.5014,56.5415,53.9913,59.1336,14.7317,13.1904,16.0335,6.7962,5.9237,7.3301,9182.33,64.5804,135708.938,13107.723,92.8289,163.1283,174.6921,151.0736,285.9263,321.9741,247.9808,107.945,127.4497,87.572,198.7019,236.8168,158.7735,0,0
1,900,,,,1,1,World,0,World,2,Medium,1991,5362591.372,5406245.868,2714450.362,2691795.505,41.4579,100.8416,23.1442,87309.54,16.155,87308.991,1.615,42.9193,137391.599,18804.638,25.421,3.1272,1.3214,27.343,106.8,50082.059,26526.627,23555.432,9.266,64.0583,61.6589,66.5089,56.6143,54.1214,59.1417,14.7785,13.2639,16.055,6.8225,5.9576,7.3501,8929.694,64.5967,130899.38,12860.984,92.6338,162.7051,173.6617,151.2916,285.0044,320.1235,248.1053,107.3659,126.1564,87.7637,197.7271,234.8592,158.8975,0,0
1,900,,,,1,1,World,0,World,2,Medium,1992,5449900.363,5492686.092,2758361.747,2734324.345,42.1207,100.8791,23.353,85572.037,15.581,85571.459,1.558,44.4895,135753.655,18546.8,24.718,3.0411,1.2876,27.312,106.9,50181.618,26662.23,23519.388,9.137,64.3027,61.8542,66.813,56.738,54.1889,59.3336,14.8842,13.3525,16.1802,6.8964,6.0151,7.4346,8679.204,63.828,129420.034,12504.714,91.1779,160.7415,172.0567,148.9419,282.2717,318.1966,244.4653,106.8713,126.4372,86.4432,196.4265,234.4563,156.5889,0,0
1,900,,,,1,1,World,0,World,2,Medium,1993,5535471.822,5577433.523,2801260.615,2776172.908,42.7706,100.9037,23.5748,83923.795,15.048,83923.402,1.505,46.0563,134692.831,18393.028,24.151,2.9758,1.2621,27.304,107.1,50769.036,27006.766,23762.27,9.103,64.4369,61.9628,66.9852,56.7193,54.1442,59.3544,14.8599,13.3343,16.159,6.8524,5.9854,7.3826,8444.33,62.6425,128521.274,12137.743,89.3643,158.6754,170.1708,146.6797,280.5587,317.379,241.7729,106.9437,127.1335,85.867,196.4654,235.4435,155.5957,0,0
1,900,,,,1,1,World,0,World,2,Medium,1994,5619395.224,5660727.993,2843434.27,2817293.723,43.4094,100.9279,23.8102,82666.1,14.604,82665.538,1.46,47.4758,134185.338,18275.52,23.706,2.9262,1.2412,27.27,107.2,51519.238,27394,24125.238,9.102,64.4588,61.9971,66.9962,56.6169,54.0464,59.2505,14.9204,13.4168,16.2016,6.903,6.051,7.422,8271.417,61.6383,128130.655,11853.889,87.8476,159.3395,170.9517,147.2165,282.165,319.1555,243.2038,110.2555,130.974,88.6329,199.7043,238.9724,158.5234,0,0
1,900,,,,1,1,World,0,World,2,Medium,1995,5702060.762,5743219.454,2885184.242,2858035.212,44.042,100.9499,24.0506,82317.672,14.334,82317.384,1.433,48.3704,133673.134,18229.072,23.276,2.8779,1.224,27.223,107.3,51355.462,27281.69,24073.772,8.942,64.8766,62.4413,67.3826,56.9402,54.3993,59.5386,14.9963,13.4927,16.2831,6.9314,6.0765,7.4546,8097.466,60.5923,127742.196,11584.666,86.3951,154.4845,165.3319,143.1622,275.3306,311.5795,237.227,105.5238,125.5653,84.6557,193.747,232.1599,153.5514,0,0
1,900,,,,1,1,World,0,World,2,Medium,1996,5784378.146,5825145.298,2926632.435,2898512.863,44.6702,100.9701,24.2925,81534.223,13.997,81534.304,1.4,49.5105,133052.993,17998.012,22.842,2.833,1.2069,27.227,107.3,51518.77,27286.984,24231.786,8.845,65.1429,62.7657,67.5794,57.0963,54.6173,59.6212,15.0937,13.6194,16.355,6.9904,6.1555,7.5013,7907.524,59.4146,127249.393,11302.525,84.7419,152.4217,162.7119,141.6862,271.9332,306.9804,235.1801,104.5162,123.8037,84.4684,191.5734,228.6649,152.8485,0,0
1,900,,,,1,1,World,0,World,2,Medium,1997,5865912.45,5906481.261,2967905.34,2938575.921,45.2939,100.9981,24.5343,81138.364,13.737,81137.622,1.374,50.4474,132597.541,17917.545,22.45,2.7938,1.1931,27.254,107.4,51459.177,27241.731,24217.446,8.713,65.5007,63.141,67.9144,57.3249,54.8673,59.8235,15.226,13.7613,16.4811,7.0568,6.2306,7.565,7702.731,58.0851,126915.476,10998.068,82.7972,149.5869,159.6184,139.1308,267.2601,301.638,231.2737,102.8024,121.6613,83.2221,188.3275,224.6279,150.4886,0,0
1,900,,,,1,1,World,0,World,2,Medium,1998,5947050.072,5987312.48,3008968.271,2978344.209,45.9138,101.0282,24.7775,80525.008,13.45,80524.816,1.345,51.5351,132286.772,18056.295,22.095,2.7578,1.1792,27.25,107.4,51761.764,27466.173,24295.591,8.645,65.7215,63.3344,68.1678,57.4582,54.9717,59.9918,15.3442,13.8749,16.6089,7.1163,6.2897,7.629,7534.168,56.9525,126702.394,10775.588,81.3587,148.5608,158.9016,137.7816,264.8893,299.462,228.6929,102.7653,122.0372,82.7468,186.9606,223.4433,148.9172,0,0
1,900,,,,1,1,World,0,World,2,Medium,1999,6027574.888,6067758.458,3049822.57,3017935.888,46.5307,101.0566,25.018,80367.602,13.245,80367.14,1.325,52.313,132364.211,18034.73,21.814,2.7302,1.1725,27.285,107.4,51996.609,27532.388,24464.221,8.569,66.0735,63.7129,68.4923,57.566,55.1243,60.0529,15.3698,13.9545,16.5889,7.0966,6.3195,7.5791,7292.478,55.1351,126920.6,10357.844,78.3254,144.2575,154.5425,133.5364,260.0128,294.4908,223.9362,101.4254,120.5035,81.6215,184.844,221.0139,147.1531,0,0
1,900,,,,1,1,World,0,World,2,Medium,2000,6107942.028,6148898.975,3091099.54,3057799.434,47.1529,101.089,25.2497,81914.209,13.321,81913.894,1.332,52.0381,134014.028,18059.649,21.793,2.7345,1.1779,27.317,107.5,52099.819,27649.838,24449.981,8.472,66.4525,64.0839,68.8815,57.7428,55.2958,60.2379,15.4755,14.038,16.7215,7.1708,6.3735,7.6712,7122.962,53.2859,128653.235,10060.72,75.5778,140.458,150.2021,130.3072,255.3837,289.5716,219.6603,100.0106,118.5424,80.7965,182.5203,218.2974,145.2862,0,0
1,900,,,,1,1,World,0,World,2,Medium,2001,6189855.922,6230746.982,3132616.862,3098130.121,47.7806,101.1131,25.4697,81782.448,13.126,81782.121,1.313,52.7911,133877.73,18179.019,21.487,2.7002,1.1674,27.332,107.4,52095.282,27786.009,24309.273,8.361,66.8336,64.4052,69.3319,57.9537,55.4494,60.516,15.6276,14.1424,16.9249,7.2774,6.4417,7.8082,6923.976,51.7544,128647.772,9744.296,73.13,137.4003,147.1544,127.2346,251.095,285.6718,214.9626,98.9656,117.5246,79.7179,180.1983,216.2801,142.6434,0,0
1,900,,,,1,1,World,0,World,2,Medium,2002,6271638.043,6312407.36,3173877.429,3138529.931,48.4068,101.1262,25.6795,81539.012,12.917,81538.634,1.292,53.6492,134020.459,17903.854,21.231,2.6722,1.1592,27.368,107.4,52481.447,28000.845,24480.602,8.314,67.1373,64.7096,69.6363,58.0745,55.5743,60.6348,15.6749,14.1938,16.974,7.2988,6.4652,7.8311,6717.427,50.14,128918.717,9426.121,70.5963,134.189,143.7983,124.1745,246.9995,281.5213,210.9571,97.8975,116.2636,78.8532,178.1477,214.1085,140.7457,0,0
1,900,,,,1,1,World,0,World,2,Medium,2003,6353176.677,6393898.365,3215038.714,3178859.65,49.0317,101.1381,25.8816,81443.575,12.737,81443.376,1.274,54.4072,134302.047,17630.616,21.004,2.6471,1.1525,27.392,107.4,52858.472,28228.72,24629.752,8.267,67.46,65.0184,69.9774,58.1899,55.6855,60.7583,15.7157,14.2359,17.0197,7.3056,6.478,7.8368,6489.807,48.335,129344.048,9078.619,67.8302,130.7994,140.4444,120.7344,242.8414,277.6869,206.4814,96.907,115.2101,77.9253,176.3398,212.4988,138.7641,0,0
1,900,,,,1,1,World,0,World,2,Medium,2004,6434620.053,6475751.478,3256371.438,3219380.04,49.6594,101.149,26.0797,82263.098,12.702,82262.85,1.27,54.5785,135228.145,16985.63,20.881,2.6363,1.1506,27.458,107.4,52965.047,28345.632,24619.415,8.179,67.8074,65.3516,70.3376,58.3879,55.8785,60.9584,15.8708,14.3658,17.2002,7.4378,6.5764,7.9936,6301.004,46.6428,130382.043,8812.796,65.5001,128.3937,137.9648,118.3902,239.3217,273.8816,203.3061,96.1681,114.0535,77.6212,174.5507,210.2669,137.4986,0,0
1,900,,,,1,1,World,0,World,2,Medium,2005,6516882.903,6558176.119,3298026.087,3260150.032,50.2915,101.1618,26.273,82586.881,12.592,82586.432,1.259,55.0554,135800.237,16096.934,20.706,2.6192,1.1478,27.556,107.4,53213.356,28521.658,24691.698,8.114,68.2047,65.72,70.7701,58.572,56.0421,61.1687,15.9222,14.4143,17.2599,7.4411,6.5801,8.0001,6090.09,44.8742,131088.948,8474.813,62.7292,124.1058,133.8296,113.929,233.7044,268.8456,197.0843,94.0423,112.0666,75.3388,171.3201,207.5126,133.7829,0,0
1,900,,,,1,1,World,0,World,2,Medium,2006,6599469.335,6641416.218,3340199.243,3301216.976,50.9298,101.1808,26.4705,83894.046,12.631,83893.766,1.263,54.881,136909.897,15741.743,20.613,2.6115,1.1494,27.629,107.3,53015.851,28447.704,24568.147,7.982,68.7027,66.2006,71.2835,58.8648,56.3282,61.4648,16.0891,14.5809,17.4263,7.5485,6.6779,8.1157,5892.785,43.0976,132318.739,8158.654,60.009,119.8315,129.6922,109.4944,227.5468,262.6776,190.9537,91.7752,109.7066,73.1571,167.516,203.5313,130.1902,0,0
1,900,,,,1,1,World,0,World,2,Medium,2007,6683363.101,6725948.544,3383117.609,3342830.936,51.578,101.2052,26.6754,85171.001,12.662,85170.887,1.266,54.751,138562.817,15706.062,20.599,2.6123,1.1537,27.662,107.3,53391.816,28693.156,24698.66,7.937,69.0508,66.5284,71.6563,59.0261,56.4739,61.6458,16.1646,14.6459,17.5164,7.5845,6.7062,8.1624,5729.294,41.4365,134068.506,7894.819,57.5263,116.3858,126.2798,105.9992,223.0466,258.2688,186.3708,90.2967,108.1553,71.7426,165.1379,201.1554,127.8261,0,0
1,900,,,,1,1,World,0,World,2,Medium,2008,6768533.988,6811597.272,3426553.494,3385043.778,52.2348,101.2263,26.886,86126.739,12.643,86126.568,1.264,54.8376,140164.401,15934.733,20.575,2.6131,1.1566,27.69,107.3,54037.662,29006.143,25031.519,7.932,69.3014,66.7977,71.886,59.1292,56.6001,61.7237,16.2296,14.7283,17.5674,7.6092,6.7447,8.1815,5581.001,39.897,135763.207,7681.361,55.3918,113.9937,123.6699,103.8244,220.2579,255.2051,183.9032,89.5408,107.0217,71.3759,164.0328,199.7073,127.1132,0,0
1,900,,,,1,1,World,0,World,2,Medium,2009,6854660.556,6898305.908,3470393.479,3427912.43,52.8998,101.2393,27.1019,87290.699,12.653,87290.704,1.265,54.7942,141200.888,15519.595,20.468,2.605,1.1579,27.726,107.3,53910.189,28988.168,24922.021,7.815,69.7965,67.2661,72.4085,59.4181,56.8703,62.0315,16.3783,14.8772,17.7166,7.7017,6.8356,8.2787,5408.623,38.3635,136912.319,7398.356,52.9062,109.4183,119.1955,99.1294,213.8896,248.9784,177.3937,86.7578,104.2365,68.58,160.0411,195.7278,123.12,0,0
1,900,,,,1,1,World,0,World,2,Medium,2010,6941951.26,6985603.105,3514408.098,3471195.007,53.5692,101.2449,27.3269,87304.126,12.497,87303.69,1.25,55.4518,141633.32,15365.844,20.274,2.5869,1.1529,27.728,107.2,54329.194,29191.605,25137.589,7.777,70.1088,67.5903,72.7065,59.5952,57.0601,62.1938,16.4657,14.98,17.7909,7.7449,6.891,8.3176,5254.059,37.13,137450.01,7179.9,51.0677,106.5861,116.1902,96.4735,209.8953,244.6368,173.7868,84.8746,102.0481,67.0032,157.5821,192.8865,121.0772,0,0
1,900,,,,1,1,World,0,World,2,Medium,2011,7029254.95,7073125.425,3558591.636,3514533.789,54.2404,101.2536,27.5537,87741.119,12.404,87740.95,1.24,55.899,142134.919,15127.233,20.094,2.5729,1.1513,27.741,107.1,54393.8,29248.069,25145.731,7.69,70.5303,67.9992,73.1396,59.8495,57.3108,62.4501,16.599,15.1142,17.9241,7.8242,6.9701,8.4011,5089.057,35.838,138060.232,6928.744,49.0419,102.7527,112.4509,92.5314,204.6807,239.1622,168.8381,82.306,99.2834,64.6191,154.3087,189.2044,118.227,0,0
1,900,,,,1,1,World,0,World,2,Medium,2012,7116995.9,7161697.921,3603431.424,3558266.498,54.9196,101.2693,27.775,89404.277,12.482,89404.042,1.248,55.5406,144194.06,14997.34,20.132,2.5904,1.1626,27.759,107.1,54789.783,29482.549,25307.234,7.65,70.8725,68.3305,73.4945,60.0402,57.4972,62.6468,16.7019,15.2167,18.0301,7.869,7.0173,8.4498,4953.744,34.425,140200.448,6728.03,47.0743,99.6727,109.4554,89.3502,200.5438,234.7718,164.9432,80.4895,97.3556,62.8936,151.9147,186.4453,116.1909,0,0
1,900,,,,1,1,World,0,World,2,Medium,2013,7206399.942,7250593.37,3648401.068,3602192.303,55.6013,101.2828,27.9926,88387.142,12.19,88386.856,1.219,56.862,143421.589,14890.255,19.781,2.5604,1.1529,27.779,106.9,55034.447,29637.536,25396.911,7.591,71.2072,68.6545,73.8399,60.2569,57.7111,62.8654,16.8356,15.3473,18.1675,7.9547,7.1013,8.5405,4800.89,33.4559,139544.027,6517.434,45.5974,96.8396,106.7277,86.3933,196.7627,230.6276,161.513,78.6798,95.4283,61.1843,149.5204,183.5546,114.2875,0,0
1,900,,,,1,1,World,0,World,2,Medium,2014,7294786.798,7339013.419,3693112.764,3645900.655,56.2793,101.2949,28.2197,88453.28,12.052,88453.242,1.205,57.5226,143670.855,14762.908,19.576,2.5529,1.1525,27.854,106.9,55217.575,29720.761,25496.814,7.524,71.5649,69.028,74.1759,60.486,57.9612,63.0672,16.9853,15.4934,18.3201,8.0642,7.2034,8.6585,4638.505,32.2948,139906.128,6294.075,43.9348,94.0386,103.7405,83.7807,192.9066,225.8115,158.6593,77.0671,93.3284,60.0681,147.1753,180.1372,113.0554,0,0
1,900,,,,1,1,World,0,World,2,Medium,2015,7383240.04,7426597.537,3737402.732,3689194.805,56.951,101.3067,28.4558,86715.047,11.677,86714.993,1.168,59.3448,142608.081,13737.621,19.203,2.524,1.1423,27.989,106.7,55893.034,30032.499,25860.535,7.526,71.8004,69.2861,74.3865,60.617,58.1205,63.1681,17.0493,15.5681,18.3766,8.0729,7.2256,8.6618,4488.802,31.456,138954.781,6082.582,42.6261,91.8379,101.4436,81.6729,190.0019,222.1718,156.5046,75.8431,91.7666,59.1809,145.475,177.6089,112.196,0,0
1,900,,,,1,1,World,0,World,2,Medium,2016,7469955.033,7513474.238,3781091.377,3732382.861,57.6172,101.305,28.6991,87038.285,11.584,87038.41,1.158,59.8573,143238.9,13343.928,19.064,2.5256,1.1456,28.131,106.7,56200.615,30267.32,25933.295,7.48,72.1102,69.5758,74.7183,60.8099,58.2945,63.3817,17.1928,15.6828,18.549,8.1861,7.3142,8.7966,4358.572,30.4585,139672.661,5888.046,41.1665,89.5694,99.1721,79.3987,186.9209,218.6832,153.8164,74.7849,90.5904,58.2251,143.7856,175.4587,110.9478,0,0
1,900,,,,1,1,World,0,World,2,Medium,2017,7556993.443,7599822.404,3824259.774,3775562.63,58.2794,101.2898,28.9473,85658.158,11.271,85657.921,1.127,61.5037,142624.116,13193.334,18.767,2.5042,1.1385,28.174,106.6,56965.958,30752.012,26213.946,7.496,72.3267,69.7603,74.9747,60.9169,58.3727,63.5257,17.2408,15.7009,18.632,8.1961,7.309,8.824,4219.017,29.5693,139165.451,5685.511,39.8415,87.5097,97.1622,77.2803,184.0662,215.7965,150.9622,73.8317,89.6421,57.2512,142.1869,173.7673,109.4106,0,0
1,900,,,,1,1,World,0,World,2,Medium,2018,7642651.364,7683789.828,3866135.266,3817654.562,58.9233,101.2699,29.2039,82277.038,10.709,82276.928,1.071,64.7196,139628.713,13021.401,18.174,2.4433,1.1136,28.209,106.3,57351.675,30909.237,26442.438,7.465,72.5759,70.0279,75.1996,61.107,58.5878,63.6845,17.3625,15.8383,18.7357,8.2849,7.4183,8.8969,4086.913,29.1913,136274.979,5500.682,39.097,85.9642,95.5394,75.8138,181.1987,212.4634,148.5708,72.6949,88.2354,56.388,140.0175,171.0434,107.8073,0,0
1,900,,,,1,1,World,0,World,2,Medium,2019,7724928.292,7764951.032,3906407.855,3858543.178,59.5456,101.2405,29.4692,80045.723,10.309,80045.481,1.031,67.2306,137984.248,12902.394,17.771,2.4062,1.0988,28.236,106.2,57938.525,31242.334,26696.191,7.462,72.7897,70.2365,75.4191,61.2567,58.7389,63.833,17.4591,15.9292,18.8388,8.3608,7.4991,8.971,3964.486,28.6933,134716.137,5331.013,38.3157,84.5387,94.055,74.4474,178.6402,209.6936,146.2102,71.9161,87.2684,55.7986,138.2071,168.9293,106.2911,0,0
1,900,,,,1,1,World,0,World,2,Medium,2020,7804973.773,7840952.88,3943612.192,3897340.688,60.1285,101.1873,29.7362,71958.294,9.179,71958.214,0.918,75.5062,135132.602,12798.699,17.237,2.3485,1.075,28.226,105.9,63174.308,34316.609,28857.699,8.058,72.0361,69.4084,74.7891,60.4008,57.8093,63.1012,16.8154,15.1988,18.3148,7.9888,7.0485,8.6806,3833.912,28.2962,131966.676,5149.489,37.6451,83.6908,93.302,73.4968,185.6496,218.2418,151.5401,74.1983,90.0091,57.5896,146.3322,178.6112,112.7242,0,0
1,900,,,,1,1,World,0,World,2,Medium,2021,7876931.987,7909295.152,3976648.226,3932646.925,60.6525,101.1189,29.9958,64726.542,8.184,64726.329,0.818,84.7368,133974.696,12805.79,16.94,2.3208,1.0624,28.213,105.8,69248.154,37524.842,31723.312,8.756,71.0479,68.4372,73.807,59.3173,56.7455,62.0225,16.2248,14.6587,17.6863,7.7102,6.8111,8.3735,3745.591,27.9301,130866.794,5022.35,37.1175,86.5869,96.8869,75.6552,198.7627,233.3962,162.3681,81.7341,98.8951,63.6732,160.6297,195.0349,124.652,0,0
1,900,,,,1,1,World,0,World,2,Medium,2022,7941658.316,7975105.156,4008579.598,3966525.558,61.1572,101.0602,30.242,66894.032,8.388,66893.679,0.839,82.6159,133990.599,12734.491,16.801,2.3142,1.0607,28.249,105.7,67096.567,36127.636,30968.931,8.413,71.7135,69.1438,74.3968,59.9915,57.4753,62.6034,16.6909,15.1856,18.0663,7.9509,7.1082,8.5578,3688.03,27.5283,130919.443,4965.639,36.8623,85.209,95.4663,74.3177,191.196,224.6263,156.0734,78.9306,95.6832,61.2972,152.9674,185.9613,118.4835,0,0
1,900,,,,1,1,World,0,World,2,Medium,2023,8008551.995,8045311.448,4042987.696,4002323.752,61.6956,101.016,30.4887,73519.462,9.138,73518.905,0.914,75.8367,134279.612,12694.725,16.69,2.3118,1.0626,28.284,105.6,60760.15,32662.05,28098.1,7.552,73.357,70.7931,75.9881,61.6477,59.1645,64.1756,17.7357,16.2238,19.0877,8.4881,7.6396,9.0902,3589.077,26.7402,131281.794,4864.767,36.1719,80.8253,90.6569,70.3818,172.464,203.1094,140.3472,70.3188,85.3445,54.5172,134.1008,163.8617,103.0988,0,0
1,900,,,,1,1,World,0,World,2,Medium,2024,8082070.9,8118836,4079164.815,4039671.184,62.2594,100.9776,30.7364,73530.654,9.056,73530.199,0.906,76.5063,134484.559,12654.927,16.564,2.3075,1.0621,28.32,105.5,60953.905,32786.443,28167.462,7.508,73.669,71.0942,76.309,61.9306,59.4498,64.4525,17.9222,16.4059,19.2771,8.5891,7.7381,9.1962,3522.605,26.2022,131538.928,4793.163,35.6573,79.6975,89.5706,69.2036,169.3691,199.6907,137.5701,69.0392,83.8194,53.4879,131.3605,160.6228,100.8649,0,0
1,900,,,,1,1,World,0,World,2,Medium,2025,8155601.099,8191988.453,4115098.916,4076889.537,62.8204,100.9372,30.9771,72775.318,8.883,72774.708,0.888,78.0571,134712.128,12618.577,16.444,2.3031,1.0607,28.358,105.4,61936.81,33311.018,28625.792,7.561,73.7893,71.2093,76.4358,62.0592,59.5877,64.5716,18.0117,16.5009,19.362,8.6369,7.7905,9.244,3509.216,26.0571,131778.165,4792.285,35.6247,79.642,89.6656,68.9813,168.3778,198.5799,136.6693,68.6468,83.311,53.2068,130.2816,159.2495,100.0684,0,0
1,900,,,,1,1,World,0,World,2,Medium,2026,8228375.807,8264364.51,4150587.873,4113776.636,63.3754,100.8948,31.2111,71978.115,8.71,71977.405,0.871,79.5806,134907.058,12586.254,16.324,2.2975,1.0595,28.398,105.3,62928.943,33836.988,29091.955,7.614,73.9476,71.3664,76.5967,62.1772,59.7147,64.681,18.0852,16.5793,19.4323,8.6813,7.838,9.2892,3449.392,25.5773,132019.907,4720.149,35.048,78.7839,88.8686,68.0524,166.8303,196.8944,135.2387,68.0612,82.6024,52.7413,129.2093,157.9138,99.2479,0,0
1,900,,,,1,1,World,0,World,2,Medium,2027,8300353.212,8335977.671,4185644.209,4150333.462,63.9246,100.8508,31.4395,71249.404,8.547,71248.918,0.855,81.0698,135198.381,12540.452,16.218,2.2929,1.0586,28.439,105.2,63948.977,34375.458,29573.519,7.671,74.1056,71.523,76.7571,62.295,59.8412,64.7907,18.1622,16.6609,19.5064,8.7323,7.8913,9.3412,3393.454,25.1103,132354.633,4652.158,34.4769,77.9537,88.0987,67.1532,165.2708,195.1987,133.7958,67.4575,81.8744,52.2593,128.12,156.5664,98.4058,0,0
1,900,,,,1,1,World,0,World,2,Medium,2028,8371602.13,8406828.792,4220269.876,4186558.916,64.4679,100.8052,31.6618,70453.936,8.38,70453.323,0.838,82.7145,135455.608,12474.242,16.112,2.2869,1.0571,28.481,105.2,65001.672,34931.629,30070.043,7.732,74.2598,71.6749,76.9152,62.4098,59.9636,64.8986,18.2455,16.7473,19.5883,8.7864,7.9458,9.3975,3338.289,24.654,132654.968,4585.752,33.9216,77.1845,87.3944,66.3109,163.8508,193.6593,132.4765,66.9033,81.1999,51.8228,127.1663,155.3729,97.6819,0,0
1,900,,,,1,1,World,0,World,2,Medium,2029,8442055.453,8476889.391,4254455.626,4222433.766,65.0052,100.7584,31.8775,69668.342,8.219,69667.876,0.822,84.3245,135746.893,12396.8,16.014,2.2808,1.0554,28.523,105.1,66078.551,35490.913,30587.638,7.795,74.4144,71.8302,77.0702,62.5243,60.0873,65.0043,18.3305,16.8369,19.6705,8.8379,7.9976,9.4508,3284.047,24.2025,132988.417,4520.037,33.3687,76.4147,86.6689,65.4907,162.4935,192.1624,131.2456,66.3622,80.5302,51.4087,126.2856,154.2478,97.039,0,0
1,900,,,,1,1,World,0,World,2,Medium,2030,8511723.329,8546141.327,4288200.901,4257940.426,65.5362,100.7107,32.0861,68836.406,8.054,68835.995,0.805,86.1052,136008.957,12297.993,15.914,2.2734,1.0532,28.564,105,67172.551,36057.084,31115.467,7.86,74.5699,71.9861,77.2265,62.6397,60.2113,65.1116,18.416,16.9268,19.7535,8.8869,8.0454,9.5021,3230.061,23.7568,133292.54,4454.756,32.8219,75.6558,85.9531,64.6839,161.1515,190.6842,130.0284,65.8299,79.869,51.0042,125.4215,153.1475,96.4058,0,0
1,900,,,,1,1,World,0,World,2,Medium,2031,8580559.324,8614532.744,4321484.302,4293048.443,66.0607,100.6624,32.2889,67947.322,7.888,67946.841,0.789,87.8514,136253.581,12190.912,15.817,2.2652,1.0504,28.604,105,68306.259,36637.935,31668.324,7.929,74.7213,72.1384,77.3781,62.7525,60.3332,65.216,18.4985,17.0146,19.8326,8.9336,8.092,9.5501,3178.626,23.3371,133577.516,4392.32,32.3028,74.8974,85.2391,63.8767,159.8523,189.2587,128.8451,65.3079,79.2241,50.6037,124.5824,152.0842,95.7862,0,0
1,900,,,,1,1,World,0,World,2,Medium,2032,8648506.165,8682091.984,4354329.857,4327762.126,66.5788,100.6139,32.4865,67172.121,7.737,67171.637,0.774,89.5539,136648.882,12066.715,15.739,2.259,1.0485,28.643,104.9,69476.761,37231.7,32245.061,8.002,74.8706,72.2899,77.5261,62.863,60.4535,65.3174,18.578,17.0999,19.9083,8.9788,8.1372,9.5967,3130.424,22.9185,134010.285,4333.087,31.7849,74.1136,84.4875,63.0575,158.5445,187.812,127.6677,64.8093,78.6011,50.2282,123.7328,151.0049,95.1629,0,0
1,900,,,,1,1,World,0,World,2,Medium,2033,8715677.802,8748798.542,4386738.454,4362060.088,67.0903,100.5658,32.6822,66241.927,7.571,66241.479,0.757,91.565,136911.076,11918.696,15.649,2.2504,1.0455,28.679,104.9,70669.149,37826.97,32842.179,8.078,75.0185,72.4423,77.6705,62.9725,60.5744,65.4159,18.6579,17.1868,19.9833,9.0222,8.1811,9.6408,3081.455,22.5144,134311.007,4272.752,31.2784,73.3292,83.7242,62.2504,157.229,186.3359,126.5064,64.3089,77.9649,49.8627,122.8729,149.9005,94.5454,0,0
1,900,,,,1,1,World,0,World,2,Medium,2034,8781919.281,8814575.171,4418675.878,4395899.293,67.5947,100.5181,32.8784,65312.155,7.409,65311.78,0.741,93.5421,137204.269,11772.409,15.565,2.2424,1.0427,28.712,104.9,71892.114,38437.814,33454.3,8.156,75.1634,72.5898,77.8139,63.0788,60.6904,65.5132,18.7376,17.2727,20.059,9.0639,8.2236,9.6831,3034.076,22.1209,134641.204,4213.639,30.7792,72.5593,82.9898,61.444,155.9262,184.8988,125.3293,63.825,77.3583,49.4987,122.0271,148.8349,93.9155,0,0
1,900,,,,1,1,World,0,World,2,Medium,2035,8847231.061,8879397.401,4450137.504,4429259.896,68.0918,100.4714,33.0734,64333.236,7.245,64332.68,0.725,95.6065,137470.556,11608.386,15.482,2.2343,1.0398,28.743,104.9,73137.32,39048.202,34089.118,8.237,75.3068,72.7386,77.9528,63.1828,60.8062,65.6059,18.8157,17.3587,20.1317,9.1042,8.266,9.723,2985.718,21.7249,134945.644,4153.399,30.2773,71.7853,82.2403,60.6464,154.5707,183.3769,124.1342,63.3762,76.7853,49.1716,121.1363,147.6996,93.2667,0,0
1,900,,,,1,1,World,0,World,2,Medium,2036,8911563.741,8943206.702,4481101.605,4462105.097,68.5811,100.4257,33.2626,63286.213,7.077,63285.922,0.708,97.9021,137671.818,11437.412,15.394,2.226,1.0368,28.77,104.8,74385.605,39656.687,34728.918,8.317,75.4506,72.8871,78.0929,63.2864,60.9211,65.6987,18.8943,17.445,20.2049,9.1446,8.3092,9.7627,2936.308,21.3328,135186.086,4091.596,29.7761,71.007,81.4943,59.837,153.1645,181.8087,122.8836,62.9665,76.2625,48.8727,120.2023,146.5231,92.5729,0,0
1,900,,,,1,1,World,0,World,2,Medium,2037,8974849.663,9006026.37,4511582.712,4494443.657,69.0628,100.3813,33.4474,62353.915,6.923,62353.413,0.692,100.1658,138003.121,11274.563,15.323,2.2208,1.0352,28.796,104.8,75649.206,40270.013,35379.193,8.4,75.5925,73.0342,78.2304,63.3881,61.0337,65.7905,18.9709,17.529,20.2767,9.1843,8.3514,9.8021,2889.803,20.9471,135553.933,4032.358,29.2808,70.2379,80.7471,59.0488,151.7389,180.2096,121.6267,62.5983,75.7911,48.6061,119.2457,145.3255,91.8551,0,0
1,900,,,,1,1,World,0,World,2,Medium,2038,9037203.076,9067889.026,4541605.356,4526283.67,69.5372,100.3385,33.6294,61372.388,6.768,61371.901,0.677,102.3851,138294.359,11112.734,15.251,2.2162,1.0339,28.817,104.8,76921.971,40878.802,36043.169,8.483,75.7331,73.1816,78.365,63.4887,61.1465,65.8793,19.0456,17.6121,20.3454,9.2227,8.3934,9.8392,2844.058,20.5715,135881.453,3973.127,28.791,69.4677,79.9984,58.2608,150.2929,178.5749,120.3658,62.2437,75.3363,48.3513,118.268,144.0921,91.1315,0,0
1,900,,,,1,1,World,0,World,2,Medium,2039,9098574.977,9128661.215,4571109.103,4557552.112,70.0033,100.2975,33.8104,60173.001,6.591,60172.476,0.659,105.1817,138366.561,10953.223,15.157,2.2094,1.0315,28.836,104.8,78193.56,41484.14,36709.42,8.566,75.8711,73.3261,78.4977,63.5879,61.2577,65.9672,19.1189,17.6939,20.4129,9.26,8.4351,9.8748,2796.694,20.2136,135991.852,3912.438,28.3195,68.7136,79.2728,57.4818,148.8977,177.003,119.1429,61.9073,74.9098,48.1051,117.3277,142.9061,90.4354,0,0
1,900,,,,1,1,World,0,World,2,Medium,2040,9158747.453,9188250.492,4600048.51,4588201.982,70.4602,100.2582,33.9915,59006.444,6.422,59006.078,0.642,107.9669,138473.449,10812.487,15.071,2.2046,1.03,28.854,104.8,79467.005,42089.84,37377.165,8.649,76.0074,73.4689,78.6283,63.6855,61.3666,66.0544,19.1891,17.7718,20.478,9.2961,8.4754,9.9094,2750.245,19.8631,136135.564,3852.229,27.8548,67.9673,78.545,56.7221,147.5446,175.4712,117.966,61.6042,74.528,47.8819,116.428,141.771,89.7702,0,0
1,900,,,,1,1,World,0,World,2,Medium,2041,9217753.531,9246673.3,4628433.548,4618239.753,70.9083,100.2207,34.1727,57840.066,6.255,57839.539,0.626,110.7264,138556.575,10685.394,14.984,2.2006,1.029,28.872,104.7,80716.509,42680.245,38036.264,8.729,76.1448,73.613,78.7601,63.7845,61.4773,66.1426,19.2585,17.8494,20.5421,9.3341,8.518,9.9457,2704.356,19.5194,136255.242,3792.199,27.3975,67.2146,77.818,55.9488,146.2049,173.9587,116.7959,61.2745,74.1218,47.6307,115.5406,140.6505,89.115,0,0
1,900,,,,1,1,World,0,World,2,Medium,2042,9275593.07,9303896.851,4656251.546,4647645.304,71.3471,100.1852,34.3568,56608.137,6.085,56607.561,0.608,114.0045,138578.249,10584.582,14.895,2.1968,1.0279,28.883,104.7,81970.112,43270.371,38699.741,8.81,76.2784,73.754,78.8872,63.8806,61.5854,66.2274,19.3246,17.9239,20.6026,9.3751,8.5636,9.9853,2658.762,19.1857,136313.427,3732.643,26.9541,66.4733,77.0967,55.1926,144.9398,172.52,115.7014,60.9148,73.6822,47.3533,114.7187,139.5995,88.5211,0,0
1,900,,,,1,1,World,0,World,2,Medium,2043,9332200.631,9359836.42,4683456.894,4676379.527,71.776,100.1513,34.545,55272.011,5.905,55271.579,0.591,117.2838,138500.159,10498.236,14.797,2.1927,1.0267,28.893,104.7,83228.148,43869.745,39358.403,8.892,76.407,73.8886,79.0114,63.9737,61.6886,66.3118,19.3875,17.9934,20.6619,9.4209,8.6129,10.0309,2615.296,18.8806,136270.187,3674.913,26.5401,65.7584,76.3998,54.4652,143.7012,171.1141,114.6246,60.5491,73.2474,47.06,113.8989,138.5621,87.9146,0,0
1,900,,,,1,1,World,0,World,2,Medium,2044,9387472.21,9414408.423,4710004.555,4704403.868,72.1945,100.1191,34.7372,53872.772,5.723,53872.427,0.572,121.1796,138339.673,10399.914,14.695,2.1882,1.0253,28.908,104.7,84466.901,44455.699,40011.202,8.972,76.5346,74.023,79.1333,64.0666,61.7927,66.3947,19.4508,18.0643,20.7207,9.4685,8.6645,10.0778,2571.306,18.5835,136145.198,3616.642,26.1373,65.0578,75.7176,53.7518,142.4532,169.6836,113.5525,60.1784,72.8064,46.7654,113.059,137.4875,87.304,0,0
1,900,,,,1,1,World,0,World,2,Medium,2045,9441344.637,9467543.575,4735864.218,4731679.356,72.602,100.0884,34.9316,52398.371,5.534,52397.875,0.553,125.3431,138086.249,10307.735,14.585,2.1833,1.0236,28.923,104.7,85687.878,45028.711,40659.167,9.051,76.6612,74.1587,79.2518,64.1595,61.8982,66.4757,19.5139,18.1357,20.7784,9.5144,8.7149,10.1228,2527.306,18.2963,135927.226,3558.269,25.7473,64.3614,75.0257,53.0577,141.2405,168.2705,112.5351,59.785,72.3338,46.4599,112.246,136.4301,86.7306,0,0
1,900,,,,1,1,World,0,World,2,Medium,2046,9493742.512,9519190.804,4761007.015,4758183.788,72.9981,100.0593,35.1262,50897.052,5.347,50896.583,0.535,129.5602,137779.995,10217.916,14.474,2.1783,1.0219,28.941,104.7,86882.943,45599.539,41283.404,9.127,76.7864,74.2898,79.3727,64.2522,62.001,66.5596,19.5782,18.207,20.8387,9.5595,8.7637,10.1677,2484.443,18.0253,135655.361,3500.745,25.3753,63.6853,74.3749,52.362,140.1089,166.989,111.5446,59.3889,71.8786,46.1314,111.5014,135.4848,86.1795,0,0
1,900,,,,1,1,World,0,World,2,Medium,2047,9544639.095,9569297.886,4785399.56,4783898.327,73.3823,100.0314,35.32,49318.157,5.154,49317.583,0.515,134.5917,137411.816,10129.301,14.36,2.173,1.0201,28.96,104.7,88093.659,46178.426,41915.233,9.206,76.9042,74.4146,79.4847,64.3395,62.0993,66.6373,19.6395,18.2759,20.8955,9.6011,8.8088,10.2092,2443.756,17.7765,135320.058,3445.674,25.0319,63.0518,73.7603,51.7161,139.0975,165.8279,110.677,59.0043,71.4321,45.8187,110.8537,134.6423,85.7219,0,0
1,900,,,,1,1,World,0,World,2,Medium,2048,9593956.678,9617774.47,4808993.734,4808780.736,73.754,100.0044,35.5174,47636.076,4.953,47635.584,0.495,,136909.723,10031.404,14.235,2.1661,1.0174,28.98,104.7,89273.647,46744.754,42528.893,9.282,77.0209,74.5393,79.5948,64.4275,62.1981,66.7156,19.7007,18.344,20.9526,9.6453,8.856,10.2538,2403.43,17.5448,134850.714,3390.966,24.7088,62.4385,73.1505,51.1069,138.123,164.6962,109.8568,58.608,70.9679,45.5017,110.2258,133.8227,85.2831,0,0
1,900,,,,1,1,World,0,World,2,Medium,2049,9641592.262,9664516.146,4831728.251,4832787.895,74.1125,99.9781,35.7181,45848.294,4.744,45847.767,0.474,,136276.046,9930.504,14.101,2.1573,1.0139,29,104.7,90427.752,47310.84,43116.912,9.357,77.1366,74.6599,79.7072,64.5151,62.2943,66.7961,19.7613,18.4098,21.0109,9.6914,8.9034,10.302,2361.506,17.3161,134251.259,3334.878,24.3943,61.8458,72.5799,50.4988,137.1855,163.6392,109.0344,58.2118,70.5141,45.1748,109.6262,133.0607,84.843,0,0
1,900,,,,1,1,World,0,World,2,Medium,2050,9687440.029,9709491.761,4853577.388,4855914.372,74.4574,99.9519,35.919,44103.995,4.542,44103.463,0.454,,135687.397,9833.678,13.975,2.1493,1.0107,29.02,104.7,91583.402,47883.893,43699.509,9.433,77.2484,74.7754,79.8171,64.5999,62.3864,66.8753,19.8207,18.4738,21.0687,9.7365,8.9493,10.3496,2322.06,17.1018,133694.355,3280.854,24.0958,61.2684,72.0276,49.9029,136.3309,162.6964,108.2645,57.821,70.0749,44.8441,109.0987,132.4049,84.4419,0,0
1,900,,,,1,1,World,0,World,2,Medium,2051,9731543.492,9752656.916,4874518.172,4878138.744,74.7884,99.9258,36.117,42227.277,4.33,42226.847,0.433,,134944.954,9725.531,13.837,2.1387,1.0063,29.04,104.7,92717.677,48440.617,44277.06,9.507,77.3581,74.8902,79.9232,64.6846,62.4799,66.9524,19.882,18.5412,21.1265,9.7814,8.9956,10.3962,2282.535,16.9001,132984.286,3227.337,23.8178,60.7184,71.5054,49.3315,135.4802,161.7477,107.5102,57.4344,69.6361,44.5221,108.5526,131.7176,84.0374,0,0
1,900,,,,1,1,World,0,World,2,Medium,2052,9773770.339,9794102.043,4894597.314,4899504.729,75.1062,99.8998,36.3117,40664.148,4.152,40663.408,0.415,,134504.577,9634.784,13.733,2.1325,1.0039,29.061,104.6,93840.429,48996.384,44844.045,9.581,77.4687,75.0053,80.0309,64.7688,62.572,67.0302,19.9437,18.6084,21.1853,9.8239,9.0387,10.441,2245.633,16.6863,132573.056,3175.677,23.5254,60.1532,70.9651,48.748,134.5241,160.6877,106.6563,57.0211,69.1706,44.1723,107.9124,130.9344,83.5397,0,0
1,900,,,,1,1,World,0,World,2,Medium,2053,9814433.747,9833861.191,4913827.105,4920034.086,75.4111,99.8738,36.5037,38855.516,3.951,38854.888,0.395,,133807.372,9527.264,13.607,2.1218,0.9994,29.082,104.6,94951.856,49551.823,45400.033,9.656,77.5778,75.1185,80.1375,64.8517,62.6617,67.1079,20.0047,18.6738,21.2447,9.864,9.0779,10.4848,2206.099,16.4737,131908.407,3121.302,23.2341,59.6022,70.4292,48.189,133.5549,159.6122,105.7943,56.6066,68.7024,43.8229,107.2545,130.1395,83.0204,0,0
1,900,,,,1,1,World,0,World,2,Medium,2054,9853288.635,9871900.602,4932190.995,4939709.607,75.7028,99.8478,36.6944,37224.631,3.771,37223.934,0.377,,133263.988,9418.994,13.5,2.113,0.9958,29.102,104.6,96039.357,50087.721,45951.636,9.729,77.6861,75.2315,80.2425,64.935,62.7526,67.1849,20.0669,18.7416,21.3038,9.9035,9.1177,10.5268,2169.712,16.2707,131394.282,3070.393,22.9535,59.0702,69.9175,47.6433,132.5943,158.5537,104.9361,56.1979,68.2419,43.4775,106.5923,129.3452,82.4959,0,0
1,900,,,,1,1,World,0,World,2,Medium,2055,9890512.569,9908304.869,4949734.454,4958570.416,75.982,99.8218,36.8819,35585.044,3.592,35584.6,0.359,,132714.688,9309.997,13.395,2.1034,0.9918,29.121,104.6,97129.644,50629.7,46499.944,9.803,77.7921,75.3412,80.3461,65.016,62.8401,67.2607,20.1277,18.8073,21.3624,9.9385,9.1517,10.5652,2134.584,16.0736,130873.57,3020.341,22.6753,58.536,69.4015,47.0972,131.6252,157.4952,104.0639,55.7884,67.7844,43.1278,105.9199,128.5518,81.9533,0,0
1,900,,,,1,1,World,0,World,2,Medium,2056,9926097.169,9943123.262,4966487.217,4976636.046,76.249,99.7961,37.0572,34052.885,3.425,34052.187,0.342,,132266.791,9202.647,13.303,2.0948,0.9882,29.141,104.6,98213.906,51154.894,47059.012,9.878,77.8947,75.4495,80.4441,65.0947,62.9272,67.3321,20.1858,18.8722,21.4163,9.9702,9.1846,10.5984,2102.185,15.8848,130451.858,2973.736,22.4085,58.026,68.9069,46.5782,130.6756,156.4536,103.2171,55.3935,67.3402,42.7946,105.253,127.7624,81.4208,0,0
1,900,,,,1,1,World,0,World,2,Medium,2057,9960149.356,9976440.15,4982497.874,4993942.277,76.5045,99.7708,37.218,32582.097,3.266,32581.589,0.327,,131830.892,9091.166,13.214,2.0858,0.9845,29.162,104.6,99248.795,51656.935,47591.86,9.948,78.0016,75.5624,80.5461,65.1758,63.0163,67.4063,20.2423,18.9347,21.4692,10.0013,9.2163,10.6314,2067.871,15.6774,130043.906,2924.96,22.1194,57.4836,68.3696,46.0377,129.6651,155.3455,102.3178,54.9872,66.8842,42.4505,104.5473,126.9364,80.8493,0,0
1,900,,,,1,1,World,0,World,2,Medium,2058,9992730.945,10008310.11,4997790.059,5010520.052,76.7489,99.7459,37.3644,31158.918,3.113,31158.331,0.311,,131417.752,8969.535,13.131,2.0766,0.9807,29.184,104.6,100258.834,52153.879,48104.955,10.018,78.1069,75.6721,80.6482,65.2552,63.102,67.4807,20.2967,18.9938,21.5215,10.032,9.2466,10.6648,2033.515,15.4657,129658.845,2876.815,21.8286,56.9334,67.8237,45.4897,128.6624,154.2577,101.4148,54.5974,66.452,42.1159,103.8488,126.1318,80.2719,0,0
1,900,,,,1,1,World,0,World,2,Medium,2059,10023889.28,10038705.86,5012352.828,5026353.033,76.982,99.7215,37.4961,29634.121,2.952,29633.17,0.295,,130875.447,8848.458,13.037,2.0648,0.9756,29.204,104.6,101241.326,52625.312,48616.014,10.085,78.2102,75.7817,80.7458,65.3336,63.1887,67.5513,20.3501,19.0539,21.5705,10.0636,9.2793,10.6975,1999.142,15.2653,129145.004,2828.926,21.5485,56.3824,67.2747,44.9424,127.6697,153.1708,100.5334,54.2273,66.0396,41.8016,103.1491,125.3147,79.7074,0,0
1,900,,,,1,1,World,0,World,2,Medium,2060,10053522.45,10067733.61,5026244.57,5041489.037,77.2046,99.6976,37.6176,28422.712,2.823,28422.321,0.282,,130616.046,8736.032,12.974,2.0571,0.9724,29.226,104.6,102193.334,53084.632,49108.702,10.151,78.3141,75.8916,80.8445,65.4119,63.2744,67.6231,20.4023,19.1122,21.6192,10.0967,9.3134,10.7317,1968.259,15.0642,128910.228,2783.957,21.2622,55.7957,66.6775,44.3722,126.6678,152.081,99.6383,53.8534,65.6283,41.4787,102.4479,124.5099,79.1288,0,0
1,900,,,,1,1,World,0,World,2,Medium,2061,10081944.77,10095573.06,5039552.513,5056020.551,77.4181,99.6743,37.7351,27257.14,2.7,27256.594,0.27,,130382.676,8624.068,12.915,2.0495,0.9693,29.247,104.6,103125.536,53539.498,49586.038,10.215,78.4154,75.9978,80.9421,65.4879,63.3564,67.6942,20.4523,19.1673,21.6667,10.13,9.3475,10.7665,1938.68,14.8647,128701.086,2740.687,20.9787,55.1988,66.0646,43.797,125.6796,151.0138,98.7473,53.4902,65.2325,41.1614,101.756,123.7254,78.5476,0,0
1,900,,,,1,1,World,0,World,2,Medium,2062,10109201.36,10122307.68,5052325.261,5069982.418,77.6231,99.6517,37.8514,26213.275,2.59,26212.636,0.259,,130229.106,8513.226,12.866,2.043,0.9667,29.268,104.6,104015.831,53955.844,50059.987,10.276,78.5177,76.1085,81.0361,65.5646,63.4424,67.7619,20.502,19.2249,21.7108,10.1649,9.3857,10.8005,1909.982,14.6631,128570.935,2698.546,20.6915,54.5894,65.4283,43.2201,124.6538,149.8771,97.8521,53.1378,64.8421,40.8609,101.0292,122.878,77.9603,0,0
1,900,,,,1,1,World,0,World,2,Medium,2063,10135414,10147949.12,5064568.18,5083380.935,77.8197,99.6299,37.9667,25070.854,2.47,25070.237,0.247,,129916.034,8386.915,12.802,2.034,0.9629,29.29,104.6,104845.18,54359.326,50485.854,10.332,78.6215,76.2182,81.1348,65.6421,63.5265,67.8336,20.5523,19.2807,21.7582,10.2011,9.4233,10.8373,1878.426,14.4531,128284.09,2654.123,20.3967,53.9694,64.7815,42.6324,123.609,148.7322,96.9255,52.7934,64.4654,40.5621,100.2912,122.0307,77.3492,0,0
1,900,,,,1,1,World,0,World,2,Medium,2064,10160484.23,10172513.78,5076284.358,5096229.417,78.0081,99.6086,38.081,24059.841,2.365,24059.083,0.237,,129730.585,8275.01,12.753,2.0271,0.9601,29.309,104.6,105670.744,54753.12,50917.624,10.388,78.7214,76.3256,81.2276,65.717,63.6095,67.9009,20.6001,19.3356,21.8015,10.2354,9.4609,10.8704,1850.488,14.2604,128121.398,2613.697,20.1199,53.3734,64.1545,42.0726,122.603,147.6244,96.0403,52.4634,64.1039,40.277,99.5768,121.209,76.7602,0,0
1,900,,,,1,1,World,0,World,2,Medium,2065,10184543.32,10195964.9,5087456.285,5108508.615,78.1879,99.5879,38.1945,22843.838,2.24,22843.166,0.224,,129297.695,8143.9,12.681,2.0166,0.9555,29.328,104.6,106453.857,55130.34,51323.517,10.441,78.8244,76.4369,81.3226,65.7933,63.6939,67.9697,20.6487,19.391,21.8457,10.2724,9.5011,10.9064,1818.119,14.0541,127715.686,2568.433,19.8249,52.7486,63.4849,41.4983,121.5651,146.4715,95.1396,52.1231,63.7262,39.9876,98.8497,120.3697,76.1655,0,0
1,900,,,,1,1,World,0,World,2,Medium,2066,10207386.48,10218273.02,5098063.718,5120209.298,78.359,99.5675,38.3077,21773.457,2.131,21773.067,0.213,,129015.56,8021.962,12.626,2.0088,0.9523,29.347,104.6,107242.103,55514.589,51727.514,10.495,78.9248,76.5447,81.416,65.8677,63.776,68.0368,20.6952,19.4442,21.8879,10.31,9.5419,10.9428,1787.934,13.8533,127458.302,2525.511,19.5374,52.1368,62.8412,40.9229,120.5522,145.3633,94.2431,51.7936,63.369,39.6986,98.14,119.5609,75.575,0,0
1,900,,,,1,1,World,0,World,2,Medium,2067,10229159.55,10239583.78,5108171.311,5131412.469,78.5224,99.5471,38.4204,20848.989,2.036,20848.459,0.204,,128851.429,7903.162,12.584,2.0033,0.9502,29.365,104.6,108002.44,55898.513,52103.927,10.548,79.023,76.649,81.5084,65.9417,63.8562,68.1054,20.7416,19.4955,21.9317,10.3513,9.5852,10.9845,1762.532,13.6759,127314.954,2487.075,19.2721,51.5569,62.2249,40.3842,119.5941,144.3128,93.3997,51.49,63.0428,39.4304,97.4644,118.7942,75.0114,0,0
1,900,,,,1,1,World,0,World,2,Medium,2068,10250008.01,10259872.99,5117761.366,5142111.625,78.678,99.5265,38.5329,19730.597,1.923,19729.965,0.192,,128481.564,7775.479,12.523,1.9952,0.9467,29.383,104.6,108750.967,56274.522,52476.445,10.6,79.1218,76.753,81.6027,66.0153,63.9355,68.1739,20.787,19.5461,21.9743,10.3929,9.6297,11.0254,1733.347,13.4849,126969.67,2445.257,18.9954,50.9624,61.6078,39.8156,118.6385,143.2871,92.5358,51.1639,62.6976,39.1349,96.8043,118.0577,74.4489,0,0
1,900,,,,1,1,World,0,World,2,Medium,2069,10269737.97,10279074.87,5126804.752,5152270.118,78.8252,99.5057,38.6455,18674.407,1.817,18673.792,0.182,,128156.285,7647.342,12.468,1.9883,0.9439,29.4,104.6,109481.878,56635.962,52845.916,10.651,79.2203,76.86,81.6926,66.0886,64.0165,68.2396,20.8328,19.5984,22.0158,10.4352,9.6758,11.0665,1704.25,13.2929,126668.52,2403.688,18.7189,50.375,60.9709,39.2825,117.7108,142.2583,91.7354,50.8135,62.3064,38.8368,96.172,117.3337,73.9325,0,0
1,900,,,,1,1,World,0,World,2,Medium,2070,10288411.77,10297166.71,5135283.306,5161883.404,78.964,99.4847,38.7583,17510.554,1.701,17509.89,0.17,,127734.032,7518.128,12.405,1.9805,0.9406,29.418,104.6,110223.478,57021.014,53202.464,10.704,79.317,76.961,81.7857,66.16,64.0924,68.3073,20.8772,19.6468,22.0585,10.478,9.7204,11.1099,1674.833,13.1054,126270.987,2361.558,18.4454,49.7879,60.3574,38.725,116.7989,141.2868,90.9069,50.4311,61.8925,38.496,95.5556,116.6565,73.3998,0,0
1,900,,,,1,1,World,0,World,2,Medium,2071,10305921.66,10314142.3,5143189.581,5170952.722,79.0942,99.4631,38.8714,16441.871,1.594,16441.294,0.159,,127366.76,7395.268,12.349,1.9743,0.938,29.435,104.6,110924.889,57376.053,53548.836,10.755,79.4163,77.0666,81.8788,66.2346,64.1726,68.3767,20.9248,19.6993,22.1033,10.5207,9.7661,11.152,1647.086,12.926,125926.827,2321.109,18.18,49.2062,59.7318,38.1912,115.8836,140.289,90.1004,50.0091,61.4204,38.1338,94.93,115.9576,72.8719,0,0
1,900,,,,1,1,World,0,World,2,Medium,2072,10322362.95,10330059.85,5150565.32,5179494.535,79.2162,99.4415,38.985,15394.381,1.49,15393.809,0.149,,127057.663,7280.644,12.3,1.9696,0.9362,29.451,104.6,111663.282,57735.138,53928.144,10.81,79.5092,77.1676,81.9634,66.3053,64.2517,68.4391,20.9701,19.7523,22.1428,10.5569,9.8074,11.1858,1623.859,12.7758,125637.024,2285.249,17.9455,48.6652,59.1608,37.6832,115.0562,139.3882,89.3726,49.5908,60.9493,37.7771,94.3646,115.3181,72.4061,0,0
1,900,,,,1,1,World,0,World,2,Medium,2073,10337756.76,10344891.49,5157397.868,5187493.624,79.33,99.4198,39.0992,14270.061,1.38,14269.467,0.138,,126647.678,7157.87,12.243,1.9641,0.934,29.468,104.6,112377.617,58092.823,54284.794,10.863,79.6054,77.2721,82.0512,66.3778,64.3313,68.5045,21.0166,19.8048,22.1854,10.592,9.8457,11.2201,1597.523,12.6079,125249.241,2246.346,17.6937,48.0981,58.5383,37.176,114.2135,138.4531,88.6507,49.1573,60.4533,37.415,93.8018,114.6781,71.9466,0,0
1,900,,,,1,1,World,0,World,2,Medium,2074,10352026.23,10358552.76,5163634.696,5194918.066,79.4347,99.3978,39.214,13053.638,1.26,13053.074,0.126,,126138.555,7031.739,12.177,1.9576,0.9312,29.486,104.6,113084.917,58455.656,54629.261,10.917,79.6992,77.3714,82.1396,66.4491,64.4073,68.5715,21.0634,19.8558,22.23,10.6263,9.8825,11.2546,1571.229,12.4492,124762.395,2208.278,17.4571,47.5536,57.95,36.6788,113.413,137.5861,87.9428,48.733,59.9774,37.0501,93.2674,114.0882,71.492,0,0
1,900,,,,1,1,World,0,World,2,Medium,2075,10365079.3,10370994.2,5169250.791,5201743.408,79.5301,99.3754,39.3299,11830.345,1.141,11829.797,0.114,,125610.364,6912.347,12.112,1.9515,0.9287,29.504,104.6,113780.019,58803.442,54976.577,10.971,79.7938,77.4726,82.2275,66.5203,64.4844,68.6369,21.1102,19.9082,22.2731,10.6595,9.9191,11.2871,1543.86,12.283,124257.305,2168.92,17.2118,47.0006,57.3565,36.1695,112.614,136.7212,87.2356,48.3093,59.5029,36.6842,92.7445,113.5087,71.0501,0,0
1,900,,,,1,1,World,0,World,2,Medium,2076,10376909.1,10382180.4,5174238.982,5207941.414,79.6159,99.3529,39.4467,10543.287,1.015,10542.599,0.102,,125002.277,6787.825,12.04,1.9447,0.9258,29.522,104.6,114458.99,59129.396,55329.594,11.025,79.8869,77.5745,82.3114,66.5918,64.5637,68.7002,21.1568,19.9616,22.3146,10.6917,9.9561,11.3172,1517.867,12.1343,123671.228,2131.17,16.9872,46.4688,56.7721,35.6941,111.8392,135.8613,86.5737,47.8793,59.0084,36.3258,92.2265,112.9189,70.6297,0,0
1,900,,,,1,1,World,0,World,2,Medium,2077,10387451.7,10392082,5178580.262,5213501.738,79.6918,99.3302,39.5649,9261.211,0.892,9260.607,0.089,,124365.479,6665.667,11.968,1.938,0.923,29.541,104.6,115104.268,59458.945,55645.323,11.076,79.9807,77.6739,82.3995,66.6637,64.6403,68.7676,21.2051,20.0139,22.3606,10.7237,9.9898,11.3502,1491.036,11.9806,123057.198,2092.509,16.7585,45.9421,56.2012,35.2149,111.0913,135.0501,85.916,47.4533,58.5269,35.9617,91.7383,112.3796,70.2176,0,0
1,900,,,,1,1,World,0,World,2,Medium,2078,10396712.3,10400749.75,5182291.475,5218458.278,79.7583,99.3069,39.6847,8075.428,0.777,8074.9,0.078,,123814.989,6555.183,11.905,1.9331,0.921,29.56,104.6,115739.561,59780.308,55959.253,11.128,80.0721,77.77,82.486,66.7341,64.7147,68.8342,21.2523,20.0646,22.406,10.7543,10.0223,11.3814,1467.456,11.8444,122526.427,2056.465,16.5438,45.4246,55.6393,34.7451,110.3202,134.2168,85.2323,47.0203,58.0376,35.5905,91.2148,111.805,69.7688,0,0
1,900,,,,1,1,World,0,World,2,Medium,2079,10404787.2,10408266.92,5185422.042,5222844.88,79.8159,99.2835,39.8058,6960.03,0.669,6959.438,0.067,,123303.522,6446.07,11.847,1.9292,0.9195,29.579,104.6,116343.492,60075.104,56268.388,11.178,80.1623,77.8665,82.5695,66.8037,64.7895,68.8983,21.2994,20.1163,22.45,10.7839,10.0548,11.4107,1444.12,11.7047,122034.608,2021.188,16.3303,44.9212,55.0897,34.2911,109.5068,133.3199,84.5265,46.598,57.5578,35.2311,90.6448,111.1639,69.2918,0,0
1,900,,,,1,1,World,0,World,2,Medium,2080,10411746.64,10414637.19,5187975.886,5226661.302,79.8648,99.2598,39.9278,5781.726,0.555,5781.095,0.056,,122675.812,6339.772,11.779,1.9238,0.9173,29.598,104.5,116894.086,60348.151,56545.935,11.224,80.2526,77.9615,82.6549,66.8744,64.8641,68.9651,21.3471,20.1673,22.4959,10.8145,10.0874,11.4416,1420.984,11.5748,121426.636,1986.608,16.1296,44.4286,54.5537,33.8452,108.6302,132.3511,83.7644,46.1655,57.0675,34.8611,89.998,110.4348,68.7475,0,0
1,900,,,,1,1,World,0,World,2,Medium,2081,10417527.74,10419851.49,5189949.358,5229902.132,79.9048,99.2361,40.0507,4648.223,0.446,4647.506,0.045,,122061.916,6231.437,11.715,1.9189,0.9152,29.619,104.5,117413.693,60599.545,56814.148,11.269,80.3421,78.0574,82.7375,66.9444,64.9393,69.0297,21.3941,20.2179,22.5405,10.8438,10.119,11.4711,1398.1,11.4458,120832.093,1952.493,15.9309,43.9359,54.0056,33.4114,107.6881,131.2791,82.9739,45.7277,56.5585,34.4997,89.2828,109.6021,68.1689,0,0
1,900,,,,1,1,World,0,World,2,Medium,2082,10422175.24,10424022.9,5191403.498,5232619.397,79.9368,99.2123,40.1745,3695.971,0.354,3695.307,0.035,,121564.29,6122.942,11.662,1.916,0.9141,29.641,104.5,117868.319,60817.857,57050.462,11.308,80.4322,78.1551,82.8192,67.0156,65.0159,69.0948,21.4433,20.2709,22.5871,10.8734,10.1504,11.5008,1376.816,11.3191,120352.313,1920.298,15.7365,43.4566,53.4554,33.0077,106.7365,130.1763,82.1957,45.298,56.0536,34.1503,88.5527,108.7446,67.5844,0,0
1,900,,,,1,1,World,0,World,2,Medium,2083,10425870.55,10427226.4,5192372.852,5234853.548,79.9613,99.1885,40.2991,2712.331,0.26,2711.702,0.026,,120968.156,6016.263,11.601,1.9116,0.9124,29.662,104.5,118255.825,61007.564,57248.261,11.341,80.5252,78.2516,82.9082,67.089,65.0924,69.1649,21.4925,20.3228,22.6346,10.9042,10.1832,11.5315,1354.033,11.1856,119775.665,1886.801,15.5363,42.9672,52.933,32.5536,105.7571,129.0986,81.3312,44.8575,55.5622,33.7643,87.8,107.8984,66.94,0,0
1,900,,,,1,1,World,0,World,2,Medium,2084,10428582.25,10429447.4,5192850.546,5236596.849,79.9784,99.1646,40.4246,1730.807,0.166,1730.288,0.017,,120365.885,5909.954,11.541,1.9071,0.9105,29.684,104.5,118635.078,61187.568,57447.51,11.375,80.6146,78.3486,82.9892,67.1602,65.1689,69.2301,21.5375,20.3706,22.6775,10.934,10.2152,11.561,1332.756,11.0648,119191.512,1854.988,15.3492,42.4982,52.3935,32.1594,104.806,127.9969,80.5502,44.426,55.056,33.412,87.0618,107.0334,66.3443,0,0
1,900,,,,1,1,World,0,World,2,Medium,2085,10430312.54,10430679.1,5192831.01,5237848.091,79.9878,99.1405,40.5508,733.777,0.07,733.124,0.007,,119678.778,5799.755,11.474,1.9013,0.908,29.706,104.5,118945.001,61341.354,57603.647,11.404,80.705,78.4446,83.0731,67.233,65.2457,69.2983,21.5819,20.4164,22.7212,10.9667,10.2493,11.594,1311.148,10.9471,118522.905,1823.199,15.168,42.041,51.8753,31.7669,103.8598,126.9144,79.7576,43.9973,54.5573,33.0576,86.3207,106.1742,65.7357,0,0
1,900,,,,1,1,World,0,World,2,Medium,2086,10431045.66,10430926.28,5192308.612,5238617.669,79.9897,99.116,40.6777,-238.039,-0.023,-238.765,-0.002,,118975.344,5690.123,11.406,1.8951,0.9054,29.729,104.5,119213.383,61480.091,57733.292,11.429,80.7968,78.5405,83.16,67.3066,65.3221,69.3686,21.6244,20.4593,22.764,11.0008,10.2843,11.6287,1288.691,10.8226,117838.702,1790.542,14.9799,41.577,51.3594,31.3582,102.9002,125.8332,78.9345,43.5697,54.069,32.6941,85.5721,105.3191,65.1056,0,0
1,900,,,,1,1,World,0,World,2,Medium,2087,10430806.9,10430267.62,5191321.302,5238946.321,79.9847,99.0909,40.8047,-1077.971,-0.104,-1078.549,-0.01,,118384.844,5585.49,11.35,1.8905,0.9034,29.75,104.5,119462.815,61609.587,57853.228,11.454,80.8856,78.6346,83.2426,67.3791,65.3985,69.4367,21.6658,20.5011,22.8054,11.0363,10.3206,11.665,1269.471,10.716,117264.45,1761.432,14.8127,41.1424,50.8681,30.9835,101.9739,124.769,78.1611,43.1555,53.5873,32.3512,84.8354,104.4603,64.5032,0,0
1,900,,,,1,1,World,0,World,2,Medium,2088,10429728.35,10428830.63,5189929.052,5238901.574,79.9736,99.0652,40.9313,-1794.709,-0.172,-1795.445,-0.017,,117907.734,5484.431,11.306,1.8877,0.9023,29.773,104.5,119702.443,61744.215,57958.228,11.478,80.9744,78.7272,83.327,67.4509,65.4719,69.5064,21.7063,20.5403,22.8478,11.0727,10.3569,11.703,1250.832,10.6025,116803.087,1732.706,14.6372,40.6972,50.3583,30.6068,101.0382,123.7,77.3728,42.7446,53.112,32.0081,84.098,103.6123,63.8869,0,0
1,900,,,,1,1,World,0,World,2,Medium,2089,10427932.9,10426601.15,5188126.358,5238474.789,79.9565,99.0389,41.0573,-2662.776,-0.255,-2663.515,-0.026,,117242.146,5371.616,11.245,1.8816,0.8997,29.796,104.5,119904.922,61845.183,58059.739,11.5,81.0664,78.8258,83.4111,67.5254,65.5507,69.5756,21.7487,20.5834,22.8894,11.1113,10.3969,11.7414,1229.706,10.4806,116155.807,1701.922,14.4551,40.2417,49.8301,30.2281,100.0724,122.5786,76.5774,42.328,52.6235,31.6671,83.3355,102.7199,63.265,0,0
1,900,,,,1,1,World,0,World,2,Medium,2090,10425269.39,10423541.04,5185896.747,5237644.288,79.9331,99.012,41.1823,-3456.006,-0.332,-3456.706,-0.033,,116668.119,5270.53,11.193,1.8769,0.8977,29.819,104.5,120124.125,61963.186,58160.939,11.525,81.1562,78.9202,83.4953,67.5986,65.6266,69.6454,21.79,20.6242,22.9313,11.1492,10.4355,11.78,1210.831,10.3714,115597.843,1673.326,14.2839,39.7971,49.3226,29.85,99.1265,121.4948,75.7818,41.9188,52.1501,31.3255,82.5827,101.8495,62.6389,0,0
1,900,,,,1,1,World,0,World,2,Medium,2091,10421812.68,10419647.13,5183229.224,5236417.908,79.9032,98.9843,41.3057,-4330.561,-0.416,-4331.102,-0.042,,116014.029,5164.731,11.134,1.8707,0.895,29.842,104.5,120344.59,62091.6,58252.99,11.55,81.246,79.0135,83.5809,67.6719,65.7013,69.7169,21.8312,20.6637,22.9745,11.1876,10.4735,11.82,1191.55,10.2632,114960.375,1644.478,14.114,39.3519,48.8116,29.4741,98.1766,120.4093,74.9792,41.5111,51.6804,30.9829,81.8246,100.9792,62.0013,0,0
1,900,,,,1,1,World,0,World,2,Medium,2092,10417481.58,10414959.83,5180150.306,5234809.522,79.8673,98.9559,41.4269,-5042.851,-0.484,-5043.504,-0.048,,115548.65,5064.693,11.095,1.8674,0.8937,29.865,104.5,120591.501,62211.106,58380.395,11.579,81.3351,79.1097,83.6612,67.745,65.7794,69.7837,21.8723,20.7057,23.0145,11.2269,10.5141,11.859,1174.002,10.1546,114509.885,1617.927,13.9479,38.9199,48.3065,29.1195,97.2403,119.3083,74.2206,41.1163,51.2116,30.6659,81.0733,100.0868,61.4004,0,0
1,900,,,,1,1,World,0,World,2,Medium,2093,10412438.08,10409491.09,5176669.8,5232821.288,79.8253,98.9269,41.5453,-5893.448,-0.566,-5893.977,-0.057,,114951.659,4958.524,11.043,1.8619,0.8913,29.889,104.5,120845.107,62350.788,58494.319,11.609,81.4262,79.2047,83.7475,67.8194,65.8556,69.8557,21.9136,20.7453,23.0574,11.2669,10.5534,11.9007,1155.155,10.0423,113929.202,1589.873,13.7756,38.4679,47.7858,28.7398,96.2763,118.2022,73.4097,40.7094,50.7405,30.3261,80.3028,99.1975,60.7562,0,0
1,900,,,,1,1,World,0,World,2,Medium,2094,10406544.1,10403272.15,5172800.515,5230471.634,79.7776,98.8974,41.6609,-6543.187,-0.629,-6543.901,-0.063,,114561.354,4860.47,11.012,1.8597,0.8906,29.912,104.5,121104.541,62482.193,58622.348,11.641,81.5174,79.3018,83.8315,67.894,65.9333,69.9262,21.9549,20.7855,23.0996,11.3075,10.5937,11.9425,1138.4,9.9325,113553.017,1563.875,13.6044,38.0144,47.2478,28.3755,95.3129,117.0726,72.6253,40.3031,50.2585,29.9991,79.533,98.2917,60.1305,0,0
1,900,,,,1,1,World,0,World,2,Medium,2095,10400000.2,10396305.84,5168552.652,5227753.193,79.7242,98.8676,41.7738,-7388.141,-0.711,-7388.709,-0.071,,113995.198,4755.006,10.965,1.8547,0.8884,29.936,104.5,121383.339,62618.235,58765.104,11.676,81.6087,79.3985,83.9163,67.9683,66.0104,69.9966,21.9954,20.825,23.1409,11.3473,10.6332,11.9833,1119.528,9.8148,113003.313,1536.231,13.4278,37.5553,46.7119,27.9968,94.3424,115.9454,71.8226,39.8972,49.7826,29.6664,78.7603,97.3893,59.4949,0,0
1,900,,,,1,1,World,0,World,2,Medium,2096,10392611.49,10388517.15,5163893.81,5224623.339,79.6645,98.8376,41.8843,-8187.988,-0.788,-8188.681,-0.079,,113492.904,4657.014,10.925,1.8507,0.8867,29.959,104.5,121680.892,62759.273,58921.619,11.713,81.6982,79.4931,83.9994,68.0419,66.0869,70.0664,22.0358,20.8644,23.1819,11.3865,10.672,12.0237,1102.629,9.7098,112515.529,1510.843,13.2648,37.1168,46.2,27.6356,93.4026,114.8543,71.0448,39.5024,49.3203,29.3422,78.0044,96.5071,58.8722,0,0
1,900,,,,1,1,World,0,World,2,Medium,2097,10384422.81,10379888.45,5158814.664,5221073.784,79.5983,98.8075,41.9919,-9067.896,-0.873,-9068.722,-0.087,,112917.957,4554.919,10.879,1.8456,0.8845,29.983,104.5,121985.853,62908.69,59077.163,11.752,81.7865,79.5868,84.081,68.1142,66.1617,70.1353,22.0752,20.9019,23.2232,11.4261,10.7095,12.066,1084.969,9.6023,111955.882,1484.782,13.0997,36.6796,45.6766,27.2889,92.4789,113.7612,70.3019,39.1137,48.8557,29.0328,77.266,95.6312,58.2786,0,0
1,900,,,,1,1,World,0,World,2,Medium,2098,10375354.09,10370445.2,5153334.151,5217111.046,79.5259,98.7775,42.097,-9817.313,-0.947,-9817.781,-0.095,,112457.152,4461.984,10.844,1.8425,0.8832,30.007,104.5,122274.465,63033.782,59240.683,11.791,81.8772,79.6824,84.1655,68.189,66.2391,70.2064,22.1164,20.9417,23.2652,11.4631,10.7456,12.1043,1068.652,9.4978,111509.022,1459.987,12.9365,36.2366,45.1582,26.9251,91.5428,112.6742,69.5267,38.7129,48.3858,28.7042,76.5151,94.7554,57.6589,0,0
1,900,,,,1,1,World,0,World,2,Medium,2099,10365536.31,10360269.36,5147497.978,5212771.384,79.4479,98.7478,42.1997,-10533.215,-1.017,-10533.889,-0.102,,112004.38,4369.617,10.811,1.8396,0.8821,30.03,104.5,122537.595,63153.038,59384.557,11.828,81.969,79.7784,84.2521,68.2644,66.3165,70.279,22.1585,20.9817,23.3093,11.4968,10.7764,12.141,1051.977,9.3873,111070.626,1434.821,12.7669,35.7923,44.6407,26.5573,90.6133,111.5921,68.7598,38.3161,47.9184,28.3811,75.7769,93.8887,57.0556,0,0
1,900,,,,1,1,World,0,World,2,Medium,2100,10355002.42,10349323.04,5141293.478,5208029.56,79.3639,98.7186,42.3005,-11357.926,-1.098,-11358.758,-0.11,,111453.746,4274.206,10.769,1.8354,0.8802,30.054,104.5,122811.672,63255.546,59556.126,11.867,82.0582,79.8752,84.3318,68.338,66.3949,70.3466,22.1996,21.0225,23.35,11.5248,10.8029,12.1706,1035.616,9.2862,110534.197,1410.319,12.6088,35.3659,44.1225,26.2274,89.7165,110.5154,68.0548,37.9266,47.4441,28.0798,75.0603,93.0252,56.4933,0,0
1,900,,,,1,1,World,0,World,2,Medium,2101,10343643.66,,,,,,,,,,,,,,,,,,,,,,,,,,,,,,,,,,,,,,,,,,,,,,,,,,,,,